-- phpMyAdmin SQL Dump
-- version 4.8.5
-- https://www.phpmyadmin.net/
--
-- Host: 127.0.0.1
-- Generation Time: May 14, 2019 at 01:35 PM
-- Server version: 10.1.38-MariaDB
-- PHP Version: 7.3.3

SET SQL_MODE = "NO_AUTO_VALUE_ON_ZERO";
SET AUTOCOMMIT = 0;
START TRANSACTION;
SET time_zone = "+00:00";


/*!40101 SET @OLD_CHARACTER_SET_CLIENT=@@CHARACTER_SET_CLIENT */;
/*!40101 SET @OLD_CHARACTER_SET_RESULTS=@@CHARACTER_SET_RESULTS */;
/*!40101 SET @OLD_COLLATION_CONNECTION=@@COLLATION_CONNECTION */;
/*!40101 SET NAMES utf8mb4 */;

--
-- Database: `eapi`
--

-- --------------------------------------------------------

--
-- Table structure for table `migrations`
--

CREATE TABLE `migrations` (
  `id` int(10) UNSIGNED NOT NULL,
  `migration` varchar(255) COLLATE utf8mb4_unicode_ci NOT NULL,
  `batch` int(11) NOT NULL
) ENGINE=InnoDB DEFAULT CHARSET=utf8mb4 COLLATE=utf8mb4_unicode_ci;

--
-- Dumping data for table `migrations`
--

INSERT INTO `migrations` (`id`, `migration`, `batch`) VALUES
(1, '2014_10_12_000000_create_users_table', 1),
(2, '2014_10_12_100000_create_password_resets_table', 1),
(3, '2019_05_14_070238_create_products_table', 1),
(4, '2019_05_14_074410_create_reviews_table', 2);

-- --------------------------------------------------------

--
-- Table structure for table `password_resets`
--

CREATE TABLE `password_resets` (
  `email` varchar(191) COLLATE utf8mb4_unicode_ci NOT NULL,
  `token` varchar(191) COLLATE utf8mb4_unicode_ci NOT NULL,
  `created_at` timestamp NULL DEFAULT NULL
) ENGINE=InnoDB DEFAULT CHARSET=utf8mb4 COLLATE=utf8mb4_unicode_ci;

-- --------------------------------------------------------

--
-- Table structure for table `products`
--

CREATE TABLE `products` (
  `id` bigint(20) UNSIGNED NOT NULL,
  `name` varchar(191) COLLATE utf8mb4_unicode_ci NOT NULL,
  `detail` text COLLATE utf8mb4_unicode_ci NOT NULL,
  `price` int(11) NOT NULL,
  `stock` int(11) NOT NULL,
  `discount` int(11) NOT NULL,
  `created_at` timestamp NULL DEFAULT NULL,
  `updated_at` timestamp NULL DEFAULT NULL
) ENGINE=InnoDB DEFAULT CHARSET=utf8mb4 COLLATE=utf8mb4_unicode_ci;

--
-- Dumping data for table `products`
--

INSERT INTO `products` (`id`, `name`, `detail`, `price`, `stock`, `discount`, `created_at`, `updated_at`) VALUES
(1, 'maxime', 'Facilis eligendi laborum nisi omnis iusto. Magnam accusantium consequatur porro occaecati impedit enim sed. Voluptate earum corrupti molestiae aut. Aut sunt labore eligendi cumque.', 600, 1, 16, '2019-05-14 05:31:18', '2019-05-14 05:31:18'),
(2, 'sit', 'Fugiat omnis qui ullam. Ut dolor aspernatur provident expedita. Voluptatem modi culpa numquam ea voluptas voluptatem.', 189, 8, 16, '2019-05-14 05:31:18', '2019-05-14 05:31:18'),
(3, 'cupiditate', 'Aut voluptatibus velit blanditiis non aperiam quaerat consequuntur asperiores. Illum aspernatur ad dignissimos ducimus impedit ut occaecati delectus. Molestiae ut ipsam omnis fugit mollitia. Atque consequatur et architecto assumenda reprehenderit doloribus numquam. Aut vel dolores ut earum aut consectetur.', 354, 0, 30, '2019-05-14 05:31:18', '2019-05-14 05:31:18'),
(4, 'et', 'Molestiae non architecto velit et. Necessitatibus sit facere aut in. Error aut occaecati iusto culpa. Totam porro nostrum ullam quia ducimus asperiores.', 458, 8, 3, '2019-05-14 05:31:19', '2019-05-14 05:31:19'),
(5, 'pariatur', 'Est iure error saepe excepturi. Consequatur accusantium dolores molestiae et. Hic voluptatem et sit rerum iusto qui.', 260, 0, 15, '2019-05-14 05:31:19', '2019-05-14 05:31:19'),
(6, 'explicabo', 'Itaque quaerat neque quis dolores veritatis aliquam. Ipsa non et perferendis debitis. Exercitationem et eos ipsa dolorum fuga facilis nesciunt.', 800, 0, 17, '2019-05-14 05:31:19', '2019-05-14 05:31:19'),
(7, 'explicabo', 'Provident consequatur veniam laboriosam non veritatis quia. Officiis quis veritatis illum adipisci. Rerum ex eos ab possimus quia amet. Voluptas laborum voluptatem voluptas sint.', 449, 8, 7, '2019-05-14 05:31:19', '2019-05-14 05:31:19'),
(8, 'non', 'Iure quia dolores quidem et. Est delectus nostrum nostrum nihil doloribus labore. Nostrum et commodi adipisci animi.', 722, 8, 26, '2019-05-14 05:31:19', '2019-05-14 05:31:19'),
(9, 'perspiciatis', 'Et totam voluptate optio odio molestias sint. Sint laboriosam dolorum molestiae distinctio. Commodi veniam voluptas iure ut nihil voluptatem voluptates.', 966, 6, 2, '2019-05-14 05:31:19', '2019-05-14 05:31:19'),
(10, 'optio', 'Enim itaque sed soluta eveniet omnis mollitia. Ad architecto consequatur quae expedita eaque est et. Accusamus ullam dicta quia non. Sed adipisci repellat vero quam sint soluta iusto.', 441, 8, 21, '2019-05-14 05:31:19', '2019-05-14 05:31:19'),
(11, 'earum', 'Accusantium aliquid placeat exercitationem rem. Assumenda sed sunt voluptas ipsa tempora. Omnis quaerat earum qui.', 745, 2, 4, '2019-05-14 05:31:19', '2019-05-14 05:31:19'),
(12, 'ut', 'Iure in quia facilis inventore ullam. Et tenetur natus nobis consequatur rem deserunt rerum sit.', 612, 0, 15, '2019-05-14 05:31:19', '2019-05-14 05:31:19'),
(13, 'voluptate', 'Molestiae aut et expedita voluptate non. Deleniti sunt ut sint sunt nulla saepe. Repudiandae id maiores et quae temporibus. Et pariatur sed non sunt aut.', 830, 5, 26, '2019-05-14 05:31:19', '2019-05-14 05:31:19'),
(14, 'tempora', 'Voluptatem corporis officia aperiam deserunt. Enim et consequatur temporibus consequatur illo quia ut. Culpa quos nisi vero similique rerum dolor labore.', 891, 2, 12, '2019-05-14 05:31:19', '2019-05-14 05:31:19'),
(15, 'adipisci', 'Facilis molestiae voluptas nisi id culpa. Quisquam omnis libero velit ullam. Modi voluptatem voluptas reiciendis non saepe necessitatibus repellendus.', 283, 3, 10, '2019-05-14 05:31:19', '2019-05-14 05:31:19'),
(16, 'iure', 'Nesciunt consectetur sunt architecto voluptas tenetur quod. In provident numquam recusandae repellat natus autem. Molestias rerum a similique debitis omnis quia.', 241, 4, 21, '2019-05-14 05:31:19', '2019-05-14 05:31:19'),
(17, 'ad', 'Quod libero voluptates qui minus maiores. Ea rerum et quod est voluptatem. Eum reprehenderit sit sit unde. Qui iusto repudiandae ullam et aliquid assumenda.', 538, 0, 22, '2019-05-14 05:31:19', '2019-05-14 05:31:19'),
(18, 'quam', 'Molestiae ut sit voluptatem commodi quod tempora in enim. Rerum aut culpa non error. Facere repudiandae laboriosam et ex.', 687, 1, 25, '2019-05-14 05:31:19', '2019-05-14 05:31:19'),
(19, 'in', 'Tenetur eum repudiandae doloremque voluptatibus. Quo eum modi et ut ducimus ipsum. Sit quia qui quo aut. Qui sunt accusantium laudantium exercitationem asperiores enim. Et repellendus minima iste voluptates.', 175, 9, 14, '2019-05-14 05:31:19', '2019-05-14 05:31:19'),
(20, 'dolorum', 'Consectetur voluptatem laboriosam natus id accusantium. Et architecto dolore corporis ab. Tenetur molestiae ratione aut deleniti aut aspernatur ea.', 165, 3, 8, '2019-05-14 05:31:19', '2019-05-14 05:31:19'),
(21, 'sapiente', 'Optio iusto placeat voluptatem omnis omnis ut aliquid. Debitis laborum itaque quia pariatur aut eveniet dolores. Officia quo doloremque eveniet non.', 720, 8, 26, '2019-05-14 05:31:19', '2019-05-14 05:31:19'),
(22, 'voluptas', 'Expedita ut soluta et voluptatem aut. Voluptas voluptatem et impedit qui dicta et. Sint possimus corrupti culpa est explicabo placeat voluptatibus. At consequatur quam qui odit.', 811, 9, 14, '2019-05-14 05:31:19', '2019-05-14 05:31:19'),
(23, 'numquam', 'Et vero velit ea qui perspiciatis iusto. Unde at accusantium voluptatum assumenda nemo et. Perspiciatis et quo excepturi vitae occaecati ea eum velit. Aut eius rem omnis aut voluptatum.', 326, 8, 3, '2019-05-14 05:31:19', '2019-05-14 05:31:19'),
(24, 'eum', 'Nobis omnis sed quis quos et optio. Repudiandae quam sint distinctio quisquam minima. Molestiae neque et nostrum repellat consectetur sit esse. A voluptas amet repudiandae.', 970, 4, 9, '2019-05-14 05:31:19', '2019-05-14 05:31:19'),
(25, 'qui', 'Ratione eos expedita dolores sapiente reprehenderit. Deserunt asperiores sit minus culpa. Illo suscipit cum delectus eligendi veritatis molestiae aut. Velit ut nulla facilis et omnis sed quia. Doloremque est maiores nisi minima.', 805, 4, 25, '2019-05-14 05:31:19', '2019-05-14 05:31:19'),
(26, 'unde', 'Dolores rerum dicta nostrum alias dolores quasi dicta. Cupiditate temporibus id eaque voluptates. Non rerum incidunt repellendus libero est expedita cumque.', 495, 0, 8, '2019-05-14 05:31:19', '2019-05-14 05:31:19'),
(27, 'ipsa', 'Repellendus eveniet eveniet quia molestias labore quibusdam quis. Voluptas molestiae sunt libero sequi. Asperiores ea distinctio voluptatem doloremque maiores. Optio nisi explicabo magnam quis.', 495, 1, 5, '2019-05-14 05:31:19', '2019-05-14 05:31:19'),
(28, 'sequi', 'Consequatur ut quia dolorem cumque. Aut nihil aspernatur impedit aut est temporibus autem eius. Omnis dolor ducimus ipsam mollitia quae et corrupti deleniti.', 244, 9, 26, '2019-05-14 05:31:19', '2019-05-14 05:31:19'),
(29, 'non', 'Nulla magni maxime alias voluptates quod. Delectus tempore culpa velit. Tempora placeat beatae culpa deleniti autem esse.', 951, 1, 14, '2019-05-14 05:31:19', '2019-05-14 05:31:19'),
(30, 'quos', 'Provident ipsa eveniet cumque consequatur. Aliquam numquam labore suscipit repellat. Voluptatem ea similique nam dolor iste iusto. Ipsum error enim et aperiam.', 1000, 5, 18, '2019-05-14 05:31:19', '2019-05-14 05:31:19'),
(31, 'nulla', 'Esse et voluptate ut voluptatem dolor ut. Perferendis ut saepe minus harum. Aliquam dignissimos sint fuga numquam qui.', 264, 7, 15, '2019-05-14 05:31:19', '2019-05-14 05:31:19'),
(32, 'voluptates', 'Voluptatem soluta culpa deleniti et. Aliquam dolore non quia reprehenderit. Tempora sit aut dicta velit.', 991, 5, 11, '2019-05-14 05:31:19', '2019-05-14 05:31:19'),
(33, 'quidem', 'Cupiditate quod et et sed et enim et. Temporibus omnis quaerat voluptatum illo officiis. Inventore et laborum et eos vel corporis eum.', 812, 4, 26, '2019-05-14 05:31:19', '2019-05-14 05:31:19'),
(34, 'non', 'Doloribus quod autem est. Rerum aut sunt magni dolorem. Qui adipisci cum in et illo corrupti blanditiis. Reiciendis eum consectetur ducimus.', 131, 0, 6, '2019-05-14 05:31:19', '2019-05-14 05:31:19'),
(35, 'distinctio', 'Qui quae aspernatur corrupti ea rerum. Commodi quibusdam vero ab et facere doloremque ut. Adipisci sequi eveniet quo est.', 102, 5, 30, '2019-05-14 05:31:19', '2019-05-14 05:31:19'),
(36, 'illo', 'Voluptatem qui quo atque rem qui. Et quas dignissimos aut sed. Minus esse alias tenetur. Corrupti enim ipsum et ullam.', 361, 1, 5, '2019-05-14 05:31:19', '2019-05-14 05:31:19'),
(37, 'ex', 'Mollitia explicabo quasi omnis. Neque dolores distinctio enim dolorem odio.', 353, 3, 4, '2019-05-14 05:31:19', '2019-05-14 05:31:19'),
(38, 'et', 'In est nulla facilis quia. Repudiandae voluptas quaerat quia harum amet quia sit. Eos enim quo alias quasi. Debitis velit blanditiis placeat eaque enim enim vitae.', 272, 5, 30, '2019-05-14 05:31:19', '2019-05-14 05:31:19'),
(39, 'accusamus', 'Vel libero velit est cum error hic nihil. Reprehenderit ratione quis consequuntur.', 538, 8, 30, '2019-05-14 05:31:19', '2019-05-14 05:31:19'),
(40, 'minus', 'Aperiam nesciunt quidem necessitatibus et. Voluptas necessitatibus sed perspiciatis sint placeat quam. Voluptas optio sint quia sint ut est laboriosam non. Maxime odit earum natus.', 102, 0, 5, '2019-05-14 05:31:19', '2019-05-14 05:31:19'),
(41, 'qui', 'Asperiores autem harum nemo magnam magni dolorem quos. A est in est repellat. Perferendis eos quam saepe ut qui.', 293, 5, 20, '2019-05-14 05:31:19', '2019-05-14 05:31:19'),
(42, 'molestiae', 'Ipsam libero suscipit in unde ut recusandae. Dolore consequatur sunt earum hic.', 120, 5, 16, '2019-05-14 05:31:19', '2019-05-14 05:31:19'),
(43, 'consequuntur', 'Amet voluptas perspiciatis labore ullam. Nesciunt laudantium sit non optio. Atque vero enim labore quis est.', 192, 3, 30, '2019-05-14 05:31:19', '2019-05-14 05:31:19'),
(44, 'et', 'Sed et corrupti nesciunt ipsum officia quibusdam. Velit molestias sit recusandae vero.', 631, 6, 9, '2019-05-14 05:31:19', '2019-05-14 05:31:19'),
(45, 'et', 'Atque dolor quasi molestiae et. Voluptas sunt iusto illum minima blanditiis a et. Deserunt voluptas quia magni maiores animi veritatis ipsum. Accusantium debitis dolor hic repudiandae quidem temporibus.', 234, 4, 4, '2019-05-14 05:31:19', '2019-05-14 05:31:19'),
(46, 'est', 'Alias aliquam nostrum cum et praesentium laboriosam et. Hic nulla voluptates laborum sit voluptates et deleniti quaerat. Qui a vel voluptates quidem. Cum fuga quia qui vitae in laborum amet.', 525, 3, 27, '2019-05-14 05:31:19', '2019-05-14 05:31:19'),
(47, 'laboriosam', 'Qui porro porro ullam. Veniam sit facere rerum enim. Et et dolor tempore enim deserunt commodi sed voluptates.', 439, 4, 24, '2019-05-14 05:31:19', '2019-05-14 05:31:19'),
(48, 'tenetur', 'Et cum sunt quia quam enim facere quisquam. Sunt odio voluptas quia molestiae architecto aut. Ipsam voluptatem voluptas qui recusandae.', 344, 7, 28, '2019-05-14 05:31:19', '2019-05-14 05:31:19'),
(49, 'excepturi', 'Omnis numquam autem sunt facilis repellat eaque sit. Possimus architecto ut voluptas sed hic. Rem autem rerum quibusdam dolores. Libero dolorem possimus eligendi dolores.', 237, 0, 18, '2019-05-14 05:31:19', '2019-05-14 05:31:19'),
(50, 'voluptas', 'Minima ipsam ea nihil tempora officia ut ut. Officia dignissimos distinctio voluptatibus iste consectetur. Quam ut et magnam quasi. Voluptatem dolor mollitia dolorem maxime accusantium qui provident saepe.', 619, 5, 16, '2019-05-14 05:31:19', '2019-05-14 05:31:19');

-- --------------------------------------------------------

--
-- Table structure for table `reviews`
--

CREATE TABLE `reviews` (
  `id` bigint(20) UNSIGNED NOT NULL,
  `product_id` bigint(20) UNSIGNED NOT NULL,
  `customer` varchar(191) COLLATE utf8mb4_unicode_ci NOT NULL,
  `review` text COLLATE utf8mb4_unicode_ci NOT NULL,
  `star` int(11) NOT NULL,
  `created_at` timestamp NULL DEFAULT NULL,
  `updated_at` timestamp NULL DEFAULT NULL
) ENGINE=InnoDB DEFAULT CHARSET=utf8mb4 COLLATE=utf8mb4_unicode_ci;

--
-- Dumping data for table `reviews`
--

INSERT INTO `reviews` (`id`, `product_id`, `customer`, `review`, `star`, `created_at`, `updated_at`) VALUES
(1, 36, 'Aurore Quigley', 'Rem enim modi tenetur soluta sint asperiores. Porro in aspernatur dolores excepturi. Esse explicabo cupiditate doloremque. Temporibus quidem qui necessitatibus ex fuga minima.', 1, '2019-05-14 05:31:20', '2019-05-14 05:31:20'),
(2, 23, 'Prof. Maida Schultz IV', 'Eaque deleniti facere officiis ea optio. Quo repellendus minus enim minus iusto atque.', 0, '2019-05-14 05:31:20', '2019-05-14 05:31:20'),
(3, 10, 'Mr. Deion Zboncak', 'Illum dolores molestias assumenda aut. Facere modi non ipsa odit possimus fugit. Vero ut occaecati consequuntur qui maiores. Optio perspiciatis sunt et in est esse.', 5, '2019-05-14 05:31:21', '2019-05-14 05:31:21'),
(4, 43, 'Linda Prosacco DDS', 'Quia ut sed atque voluptatibus qui fuga. Impedit soluta dolores molestiae dolorem. Dolor voluptas qui provident accusamus dolorem quia.', 0, '2019-05-14 05:31:21', '2019-05-14 05:31:21'),
(5, 47, 'Dr. Dudley Block DVM', 'Ipsum numquam quisquam repellendus itaque molestiae provident. Enim distinctio ad et quisquam aut praesentium. Amet et harum inventore et natus soluta impedit molestiae. Eveniet ex excepturi totam dignissimos magnam hic.', 3, '2019-05-14 05:31:21', '2019-05-14 05:31:21'),
(6, 1, 'Miss Darlene Swaniawski', 'Autem ut non dolor repellendus quis non distinctio. Sint nostrum ad consectetur perspiciatis ducimus saepe deserunt.', 3, '2019-05-14 05:31:21', '2019-05-14 05:31:21'),
(7, 1, 'Felicia Cummings PhD', 'Quo sequi ratione corrupti assumenda in autem autem. Est sint voluptas expedita molestias repellat. Atque qui repellendus maxime doloremque ad odio fuga. Dolorem consequuntur voluptatem dolores ab dolorum repudiandae explicabo.', 5, '2019-05-14 05:31:21', '2019-05-14 05:31:21'),
(8, 6, 'Mya Gottlieb', 'Magnam libero perspiciatis modi. Voluptas qui voluptas beatae aut commodi. Tenetur quo sed sint molestias distinctio mollitia id.', 3, '2019-05-14 05:31:21', '2019-05-14 05:31:21'),
(9, 25, 'Mrs. Liliane Bahringer IV', 'Dignissimos aut incidunt voluptatum earum eius. Nostrum perferendis est odio nemo. Et ducimus et similique quo totam deleniti beatae.', 4, '2019-05-14 05:31:21', '2019-05-14 05:31:21'),
(10, 2, 'Brock Mertz', 'Incidunt consequatur natus quos tempore. In aut magni laboriosam itaque cum. Iure quaerat non ut atque.', 1, '2019-05-14 05:31:21', '2019-05-14 05:31:21'),
(11, 39, 'Mrs. Antonina Becker', 'Ut voluptatem aperiam consequatur amet ipsam minus consequatur. Iure porro consequuntur accusamus optio corrupti qui porro sit. Corporis nobis doloribus voluptas numquam omnis sit quos nam.', 5, '2019-05-14 05:31:21', '2019-05-14 05:31:21'),
(12, 18, 'Linwood Hudson', 'Eos perspiciatis quos aut eligendi. Id quis omnis rerum.', 0, '2019-05-14 05:31:21', '2019-05-14 05:31:21'),
(13, 22, 'Conrad Bednar', 'Quasi fuga nihil ipsam eaque. Iste maxime aut sit qui ratione unde ipsa perferendis. Laudantium maiores praesentium autem quasi nisi cumque.', 2, '2019-05-14 05:31:21', '2019-05-14 05:31:21'),
(14, 42, 'Raegan Friesen', 'Aperiam qui nihil culpa unde harum qui. Quis omnis delectus rerum aliquam. Itaque sit ipsa consequatur sint ducimus.', 4, '2019-05-14 05:31:21', '2019-05-14 05:31:21'),
(15, 12, 'Miss Vivien Howell', 'Voluptate cumque id minus consequatur. Ipsum consequatur architecto libero itaque ut et molestiae fuga. Cumque asperiores doloremque ex doloremque nihil. Autem minus dicta nostrum est.', 4, '2019-05-14 05:31:21', '2019-05-14 05:31:21'),
(16, 48, 'Sigurd Heaney', 'Numquam est corporis ipsum sunt quas et. Explicabo iure blanditiis quisquam eius sint. Aut dolores sit et quidem aut corrupti sint. Quam molestiae atque quis rem quia.', 4, '2019-05-14 05:31:21', '2019-05-14 05:31:21'),
(17, 16, 'Kelvin Hamill', 'Dignissimos voluptatibus dolores voluptatem ab vero. Ipsum nesciunt nobis sed id et.', 5, '2019-05-14 05:31:21', '2019-05-14 05:31:21'),
(18, 4, 'Hermina Marvin', 'Consequatur dicta eveniet qui. Debitis ut ipsam aliquam quo doloremque et. Harum alias enim eos rerum eius expedita blanditiis.', 1, '2019-05-14 05:31:21', '2019-05-14 05:31:21'),
(19, 43, 'Dr. Gunnar Cummings', 'Nihil eos non quibusdam ut. Molestias voluptates voluptatem voluptates et nostrum porro. Error rerum nostrum et molestiae. Molestias alias veniam aut et qui ut ex.', 5, '2019-05-14 05:31:21', '2019-05-14 05:31:21'),
(20, 10, 'Lillie Feil', 'Enim quasi nihil quam aperiam voluptatem. Voluptatem praesentium ipsum quia non. Perspiciatis repudiandae eum possimus necessitatibus qui voluptatem.', 4, '2019-05-14 05:31:21', '2019-05-14 05:31:21'),
(21, 10, 'Paxton Larkin', 'Corporis debitis consequatur et nesciunt ut corporis eum. Repudiandae amet et rerum. Sunt libero modi aut laboriosam. Quisquam velit veniam suscipit sit voluptate eos quia.', 0, '2019-05-14 05:31:21', '2019-05-14 05:31:21'),
(22, 26, 'Edmund Beer', 'Provident culpa nam dolores ullam eligendi enim. Alias voluptatibus sint aperiam. Assumenda odio quod repellendus sed vitae. Non molestiae distinctio aperiam architecto non animi.', 1, '2019-05-14 05:31:22', '2019-05-14 05:31:22'),
(23, 18, 'Mr. Raven Mante', 'Quia asperiores placeat quibusdam laboriosam earum exercitationem asperiores. Aperiam repudiandae ut amet illo voluptate saepe. Esse facere doloribus atque repudiandae non suscipit accusamus. Est eligendi rerum autem molestias velit qui.', 3, '2019-05-14 05:31:22', '2019-05-14 05:31:22'),
(24, 20, 'Ms. Bonnie Deckow', 'Ipsa dolor sit et et exercitationem. Consequatur reiciendis non nobis maxime dolor voluptas. Rerum nihil sapiente et sunt. Voluptatem doloribus saepe laboriosam perferendis perferendis.', 4, '2019-05-14 05:31:22', '2019-05-14 05:31:22'),
(25, 24, 'Gail Gutkowski', 'Nisi ducimus tempore et sit. Ut sed explicabo dolor hic.', 5, '2019-05-14 05:31:22', '2019-05-14 05:31:22'),
(26, 12, 'Cecelia Blick', 'Esse ipsa quo blanditiis autem nihil. Exercitationem dolores quam illum amet vel. Tempore aut laborum voluptates hic. Vitae quas alias eum.', 5, '2019-05-14 05:31:22', '2019-05-14 05:31:22'),
(27, 39, 'Viva Glover', 'Dolorem et et quibusdam culpa enim possimus ut. Ipsum blanditiis animi velit in qui earum et veritatis. Odit doloremque optio in iusto. Dolorum dicta consequatur facilis debitis.', 2, '2019-05-14 05:31:22', '2019-05-14 05:31:22'),
(28, 19, 'Prof. Misael Beer', 'Sed dolores tenetur inventore aspernatur voluptatum deleniti. Explicabo qui est rem hic reiciendis culpa. Totam in numquam non ea.', 4, '2019-05-14 05:31:22', '2019-05-14 05:31:22'),
(29, 7, 'Ms. Marcella Gislason', 'Dolores ullam qui unde ut placeat et. Sed autem in sapiente. A vel repellat recusandae ipsa.', 4, '2019-05-14 05:31:22', '2019-05-14 05:31:22'),
(30, 46, 'Mr. Rashad Murazik', 'Inventore odit aut dolor vel expedita distinctio. Non sed illum quos saepe explicabo dolorem. Rerum porro in vitae.', 1, '2019-05-14 05:31:22', '2019-05-14 05:31:22'),
(31, 40, 'Ms. Veda Wilkinson', 'Minus reprehenderit sed debitis aut in. Rerum debitis vitae qui sed ut quod modi maiores. Aut magni iusto delectus dolorum sit ut. Exercitationem explicabo incidunt et aut fugit sunt alias qui.', 4, '2019-05-14 05:31:22', '2019-05-14 05:31:22'),
(32, 1, 'Jody Schuster', 'Voluptatem reprehenderit mollitia fugiat illo natus sit. Excepturi numquam tempora iure quisquam ut et. Est suscipit cupiditate quo quaerat dignissimos inventore fuga. Architecto blanditiis assumenda cupiditate veritatis.', 1, '2019-05-14 05:31:22', '2019-05-14 05:31:22'),
(33, 37, 'Daija Dare', 'Sed maxime voluptatum vel amet id sed id. Architecto vitae nobis nulla adipisci est. Fugit quia consequatur amet rerum. Autem natus quasi provident consequatur.', 3, '2019-05-14 05:31:22', '2019-05-14 05:31:22'),
(34, 27, 'Jesus Sawayn Sr.', 'Aliquam voluptatibus quo eos molestiae itaque. Rerum ut vel enim magnam quis aliquid non.', 1, '2019-05-14 05:31:22', '2019-05-14 05:31:22'),
(35, 35, 'Destiney Wiegand', 'Mollitia sed dolorem veritatis eos officiis voluptatem. Minima ut et explicabo voluptate blanditiis. Sit totam tempora nihil.', 4, '2019-05-14 05:31:22', '2019-05-14 05:31:22'),
(36, 47, 'Ms. Jackeline Bartoletti DDS', 'Molestias placeat earum autem delectus harum delectus quam voluptatem. Rerum velit atque et placeat. Exercitationem repellat similique sequi.', 1, '2019-05-14 05:31:22', '2019-05-14 05:31:22'),
(37, 11, 'Gino Bayer', 'Fuga illum voluptatem cum incidunt adipisci non quasi assumenda. Quis voluptas aut dolore sunt et odit iste et. Quia est ullam eos atque.', 2, '2019-05-14 05:31:22', '2019-05-14 05:31:22'),
(38, 41, 'Kattie Lehner', 'Asperiores aut aut expedita deleniti tenetur molestiae quia. Earum sapiente quis ratione beatae. Aut ut id quia sit.', 2, '2019-05-14 05:31:23', '2019-05-14 05:31:23'),
(39, 43, 'Ms. Carmella Pagac PhD', 'Quisquam velit magni qui. Voluptatem autem voluptas sed cumque labore magni.', 3, '2019-05-14 05:31:23', '2019-05-14 05:31:23'),
(40, 50, 'Felix Quigley', 'Quo eos eos beatae consequuntur aut natus. Ratione dolor officiis rerum accusantium molestiae. Itaque ut magni et cupiditate. Rerum et quas enim earum eos accusamus.', 5, '2019-05-14 05:31:23', '2019-05-14 05:31:23'),
(41, 49, 'Gene Grady', 'Possimus non amet sit hic quo ut. Sapiente dignissimos et officia in cumque. Cum nisi repellat natus aut quidem reprehenderit deserunt. Sit ut aspernatur exercitationem saepe.', 1, '2019-05-14 05:31:23', '2019-05-14 05:31:23'),
(42, 37, 'Alexandrea Weissnat', 'Voluptatem et aut rerum et autem. Laborum exercitationem odit commodi quod optio sequi aut. Voluptas laboriosam est sit nisi.', 3, '2019-05-14 05:31:23', '2019-05-14 05:31:23'),
(43, 26, 'Cecilia Runolfsson', 'Maxime cupiditate aliquam explicabo totam qui omnis ut. Maxime fugit atque laudantium et. Eos nihil veritatis a sit.', 5, '2019-05-14 05:31:23', '2019-05-14 05:31:23'),
(44, 23, 'Mr. Maxwell Keeling DVM', 'Repellat qui impedit eum sit natus maxime. Aliquid adipisci nihil explicabo.', 4, '2019-05-14 05:31:23', '2019-05-14 05:31:23'),
(45, 30, 'Dr. Shanel Goodwin', 'Et commodi iste voluptatem eligendi a voluptas nihil. Quod rerum harum neque dolores ullam qui consequatur. Rerum aspernatur placeat error modi. Sit sint fugiat incidunt beatae.', 2, '2019-05-14 05:31:23', '2019-05-14 05:31:23'),
(46, 41, 'Dr. Austen Lockman', 'Nisi id sunt qui fugiat. Sed voluptas eos ratione harum. Officiis perferendis quasi aut nam voluptas temporibus ullam deleniti. Officia necessitatibus a doloremque voluptas iusto.', 2, '2019-05-14 05:31:23', '2019-05-14 05:31:23'),
(47, 38, 'Mr. Raheem Muller PhD', 'Qui placeat necessitatibus consectetur et. Nesciunt corrupti laborum modi ut. Sed voluptas sed qui ut sit.', 1, '2019-05-14 05:31:23', '2019-05-14 05:31:23'),
(48, 18, 'Vidal Mayert', 'Eum distinctio omnis ea eum consectetur illo autem. Consequuntur est maxime minus possimus enim vel facere. Repudiandae aut voluptate quidem ut saepe minima nemo. Laudantium rerum odit ipsa totam repudiandae omnis ut odio.', 4, '2019-05-14 05:31:23', '2019-05-14 05:31:23'),
(49, 3, 'Maverick Wolff', 'Aspernatur sint fugiat exercitationem voluptate sit laudantium rem. Quo aut non in sed. Veniam voluptas odit nam possimus vel natus est. Non consectetur omnis ipsa animi.', 5, '2019-05-14 05:31:23', '2019-05-14 05:31:23'),
(50, 50, 'Leonora Leannon', 'Magni et exercitationem et quo. Delectus ad qui qui laboriosam molestias. Optio quam accusantium deserunt quo quia magnam.', 4, '2019-05-14 05:31:23', '2019-05-14 05:31:23'),
(51, 12, 'Merlin Schinner', 'Animi laudantium rem optio eum aliquid odio autem. Et eveniet nisi quas consequatur quis. Itaque ab voluptatem excepturi nulla mollitia dolores consequatur.', 2, '2019-05-14 05:31:23', '2019-05-14 05:31:23'),
(52, 36, 'Dr. Garett Shields PhD', 'Repellat accusamus voluptas suscipit asperiores esse dolorem qui autem. Sint beatae sunt quod. Ea deserunt autem pariatur quo qui ea. Quod ut qui officiis dolores modi.', 2, '2019-05-14 05:31:23', '2019-05-14 05:31:23'),
(53, 12, 'Wilfredo Nikolaus', 'Repudiandae fuga quae nisi culpa cupiditate sed. Atque nemo optio dolore voluptas. Labore dolorum eligendi et aut sed.', 3, '2019-05-14 05:31:23', '2019-05-14 05:31:23'),
(54, 22, 'Maeve Bogan I', 'Et doloremque maxime ab omnis provident. Exercitationem enim occaecati fugiat quisquam voluptas similique. Est tempore porro quis illo. Repellat porro eos ut placeat consequatur ipsa.', 0, '2019-05-14 05:31:23', '2019-05-14 05:31:23'),
(55, 47, 'Preston Waelchi', 'Ipsum possimus error alias distinctio vitae velit. Corporis cumque repudiandae earum nihil architecto quibusdam eos vel. Voluptatem sed ea est et sunt corporis.', 1, '2019-05-14 05:31:24', '2019-05-14 05:31:24'),
(56, 40, 'Mrs. Lupe Emard', 'Soluta magni minus a et vel. Ab vel ut similique quidem iure id. Ea quidem nisi ipsam perferendis.', 4, '2019-05-14 05:31:24', '2019-05-14 05:31:24'),
(57, 13, 'Prof. Reed Stoltenberg IV', 'Sunt autem sit rerum laudantium numquam iure sint repudiandae. Aspernatur asperiores asperiores accusamus reprehenderit optio perspiciatis molestias. Dolores assumenda quos neque ad error aut.', 4, '2019-05-14 05:31:24', '2019-05-14 05:31:24'),
(58, 19, 'Quincy Schaden', 'Quo modi est delectus et tempora veniam. Dolores culpa neque consequatur qui quam. Asperiores voluptatum aperiam sunt assumenda.', 3, '2019-05-14 05:31:24', '2019-05-14 05:31:24'),
(59, 49, 'Leland O\'Keefe', 'Dolor nam tempora corrupti odio fugiat et et. Odit nisi a et in. Et et dolores quia aperiam.', 2, '2019-05-14 05:31:24', '2019-05-14 05:31:24'),
(60, 32, 'Claud Gutkowski MD', 'Sit nihil explicabo vero repellendus explicabo eos. Vitae sed sed dicta et qui magnam error. Praesentium ut dolore provident et sequi dolor est.', 3, '2019-05-14 05:31:24', '2019-05-14 05:31:24'),
(61, 47, 'Isaias Little', 'Impedit sunt ad doloremque laboriosam voluptatibus. Nemo labore velit ut voluptatum et corporis praesentium. Ipsam maiores est quae assumenda eos. Et suscipit recusandae culpa eveniet.', 4, '2019-05-14 05:31:24', '2019-05-14 05:31:24'),
(62, 32, 'Julius Waelchi', 'Fugit quis odit rerum a quisquam et vero. Odit ducimus enim autem ut. Rem autem dolore ipsum inventore quisquam sunt nam. Vitae atque modi assumenda consequatur saepe.', 1, '2019-05-14 05:31:24', '2019-05-14 05:31:24'),
(63, 2, 'Bernice Littel', 'Quidem ut ea odit enim et quia est. Quod quaerat consequatur laudantium est eum. Labore earum dolorem ea fugit aut molestias rerum et. Eaque molestiae aut est eveniet ea provident.', 0, '2019-05-14 05:31:24', '2019-05-14 05:31:24'),
(64, 31, 'Ryan Kreiger', 'Consequatur maxime quia rerum alias. Optio a deleniti aspernatur similique ullam consectetur. Deleniti nihil sapiente voluptatum ut accusamus enim.', 2, '2019-05-14 05:31:24', '2019-05-14 05:31:24'),
(65, 18, 'Dr. May Hintz DDS', 'Praesentium impedit fugiat enim odit molestias sed. Aut facere non mollitia odit. Sint eveniet et quis explicabo ratione et. Quas sed eum aut nemo numquam eum dolor. Rem et omnis consectetur facere quas.', 5, '2019-05-14 05:31:24', '2019-05-14 05:31:24'),
(66, 26, 'Jovan Cartwright', 'Inventore magni magni provident iusto. Soluta rerum hic consectetur consequatur reiciendis. Nulla voluptates officiis quo id ipsa ut eius. Voluptatem rerum id est sunt recusandae cupiditate.', 1, '2019-05-14 05:31:24', '2019-05-14 05:31:24'),
(67, 17, 'Demarcus Gottlieb', 'Autem sit qui ipsa. Est dolor minus molestias cum nam repudiandae non sapiente. Ad voluptatem quia ab laudantium voluptates non assumenda. Delectus repellendus voluptatem deserunt corrupti.', 1, '2019-05-14 05:31:24', '2019-05-14 05:31:24'),
(68, 22, 'Mohammed Marks', 'Doloribus velit aut voluptas ratione reprehenderit aut unde aliquid. Aut autem repudiandae qui tenetur ea sed et excepturi. Iste exercitationem quo voluptates aut qui aperiam maiores.', 5, '2019-05-14 05:31:24', '2019-05-14 05:31:24'),
(69, 15, 'Dakota Paucek DVM', 'Cupiditate qui autem ipsam soluta qui. Mollitia quibusdam vel tenetur officia quo. Ut ut officia cumque similique ea voluptatem.', 3, '2019-05-14 05:31:24', '2019-05-14 05:31:24'),
(70, 37, 'Mrs. Grace Kassulke', 'Sequi possimus velit quaerat nam dolores. Nisi iusto animi maxime quo voluptatum. In ab dolorum enim qui numquam tenetur. Sint tempora velit ea libero dolor et amet adipisci.', 0, '2019-05-14 05:31:24', '2019-05-14 05:31:24'),
(71, 8, 'Alexa Feil', 'Debitis velit magni quia. Unde autem et consequuntur ea magni. Amet nihil et facilis magnam.', 1, '2019-05-14 05:31:24', '2019-05-14 05:31:24'),
(72, 8, 'Mrs. Raegan Price', 'Recusandae id rerum aut rerum consectetur. Minima maiores quos iste. In eos necessitatibus ea sed omnis nobis nam. Qui minus magni voluptates et dolore sequi minima voluptates.', 3, '2019-05-14 05:31:24', '2019-05-14 05:31:24'),
(73, 10, 'Rosa Kunde', 'Enim beatae et dolorem soluta optio. Porro sapiente ipsum ab omnis. Nihil qui nobis sit temporibus libero. Ut iste impedit aliquam sapiente quo debitis ex non.', 4, '2019-05-14 05:31:24', '2019-05-14 05:31:24'),
(74, 30, 'Prof. Misty Streich', 'Assumenda accusantium sint quo beatae aut veritatis. Et et voluptatem tenetur et sit vel optio odio. Labore sint dolores enim quasi repellat. Voluptatem minus modi et delectus quia.', 3, '2019-05-14 05:31:25', '2019-05-14 05:31:25'),
(75, 19, 'Prof. Darron Schmeler', 'Repellat impedit tenetur sed velit perspiciatis. Vitae nisi aut occaecati laboriosam rerum. Ratione quae alias quas minus hic. Et impedit consequatur vel officia maxime possimus.', 5, '2019-05-14 05:31:25', '2019-05-14 05:31:25'),
(76, 15, 'Summer Johnson', 'Neque itaque neque voluptatem consequatur sequi harum. Occaecati quaerat neque et natus fugit et distinctio. Aut enim eveniet ducimus dicta.', 1, '2019-05-14 05:31:25', '2019-05-14 05:31:25'),
(77, 31, 'Leonie Steuber', 'Sit ut esse vel nihil voluptate voluptas. Ratione quam voluptatem illum tempore. Eos hic culpa quo modi.', 5, '2019-05-14 05:31:25', '2019-05-14 05:31:25'),
(78, 6, 'Augustus Jones', 'Facere nisi in tempore rerum asperiores. Totam aperiam et excepturi natus dolore adipisci. Mollitia accusantium delectus expedita aut. Mollitia delectus nihil beatae sed consectetur. A hic sunt quod neque voluptatum.', 4, '2019-05-14 05:31:25', '2019-05-14 05:31:25'),
(79, 24, 'Zion Morar', 'Cumque quod in nihil non ut consequatur similique. Harum ut ullam odit veniam ut. Molestiae sit ipsa corrupti architecto et. Fugit dicta tempora architecto totam.', 5, '2019-05-14 05:31:25', '2019-05-14 05:31:25'),
(80, 50, 'Laurine Bashirian PhD', 'Et sit aut quo aliquid. Libero aut et est et minima. Suscipit occaecati enim est voluptatem adipisci libero rerum. Omnis rerum mollitia nihil praesentium repellendus excepturi sapiente.', 1, '2019-05-14 05:31:25', '2019-05-14 05:31:25'),
(81, 9, 'Garry Johnson', 'Officia excepturi magni dolores vel qui ducimus temporibus. Tenetur aut est non.', 5, '2019-05-14 05:31:25', '2019-05-14 05:31:25'),
(82, 3, 'Lamar McCullough', 'Ullam repellendus recusandae necessitatibus ratione tempora quis. Quisquam aliquam repellendus velit aut. Aspernatur repellendus suscipit sunt quos.', 4, '2019-05-14 05:31:25', '2019-05-14 05:31:25'),
(83, 40, 'Gabriella Robel', 'Ipsam et nihil natus. Nemo et dignissimos numquam eos dolor. Doloremque magnam facere eos ratione quaerat quod velit aspernatur. Error consequatur ut sed quas corrupti.', 3, '2019-05-14 05:31:25', '2019-05-14 05:31:25'),
(84, 45, 'Miss Maggie Schmitt III', 'Odio fugiat culpa ut et et. Quo voluptas saepe quasi illo omnis vel. Aliquam sit aut amet quaerat.', 3, '2019-05-14 05:31:25', '2019-05-14 05:31:25'),
(85, 6, 'Santa Kirlin', 'Et qui voluptates id. Autem ut debitis autem pariatur expedita dolore. Deleniti fuga ducimus quod dolores repellat ipsam. At aut dolorum fuga sapiente quia.', 2, '2019-05-14 05:31:25', '2019-05-14 05:31:25'),
(86, 38, 'Dr. Ova Bins IV', 'Incidunt labore est placeat voluptates. Quas consectetur veritatis eum necessitatibus quia quae. Quia sed vitae commodi aut.', 0, '2019-05-14 05:31:25', '2019-05-14 05:31:25'),
(87, 25, 'Prof. Lincoln Keebler', 'Eius explicabo quos et voluptatem nostrum culpa. Consequatur culpa qui veniam sunt autem illo. Provident ratione et eum quia. Et optio corporis repudiandae numquam dolores harum. Neque ea suscipit animi dolor deleniti eos.', 5, '2019-05-14 05:31:25', '2019-05-14 05:31:25'),
(88, 6, 'Gussie Dach Jr.', 'Reprehenderit at ut excepturi. Voluptatem et omnis molestias reiciendis nam aut dolor. Id quibusdam maiores voluptate vel eaque perspiciatis.', 1, '2019-05-14 05:31:25', '2019-05-14 05:31:25'),
(89, 8, 'Eugene Bradtke', 'Rerum libero quibusdam sapiente quidem non. Voluptas accusamus eum magnam repudiandae quo. Repellat voluptates doloremque rerum voluptas.', 2, '2019-05-14 05:31:25', '2019-05-14 05:31:25'),
(90, 19, 'Eli Wyman', 'Fugiat enim qui nobis animi nobis et. Iusto commodi aliquid dolorem iure a. Quo harum ea iste delectus quis ad corrupti.', 1, '2019-05-14 05:31:25', '2019-05-14 05:31:25'),
(91, 39, 'Mrs. Polly Schroeder', 'Quasi odit itaque eaque asperiores exercitationem quaerat ex. Vel reprehenderit qui earum culpa. Aut nam consequatur error omnis numquam rerum. Qui impedit deleniti omnis saepe dignissimos ab.', 0, '2019-05-14 05:31:25', '2019-05-14 05:31:25'),
(92, 8, 'Corine Collier', 'Maxime quia recusandae ut eos tempore tempora et iure. Tempora repellat soluta nisi dolorem natus est. Voluptatem qui debitis qui facere omnis et molestiae. Quae recusandae consequatur vitae inventore est possimus et consequatur.', 3, '2019-05-14 05:31:25', '2019-05-14 05:31:25'),
(93, 14, 'Araceli Dooley I', 'Nemo facere totam ut neque praesentium commodi non. Et reprehenderit vel rerum. Beatae earum aliquam voluptatibus ut sunt iusto eaque.', 1, '2019-05-14 05:31:25', '2019-05-14 05:31:25'),
(94, 8, 'Cloyd Marvin', 'Id quisquam dolor ut eaque hic. Et iste consequatur sed omnis ut fuga. Neque laborum laudantium et debitis.', 1, '2019-05-14 05:31:25', '2019-05-14 05:31:25'),
(95, 35, 'Jaleel Hayes', 'Qui ratione esse repellat laborum sunt esse error. Voluptatem et unde occaecati nam magni sed doloribus. Numquam laboriosam nesciunt magnam ducimus enim eveniet dolorum. Voluptatem aut ducimus nobis voluptatem nam quam maxime.', 3, '2019-05-14 05:31:25', '2019-05-14 05:31:25'),
(96, 18, 'Mckayla Smitham', 'Odit aperiam aspernatur ullam sint quis minima voluptatem. Minima error expedita possimus consequatur ea. Ut magni reprehenderit commodi ut.', 2, '2019-05-14 05:31:25', '2019-05-14 05:31:25'),
(97, 5, 'Donna Terry V', 'Molestiae voluptatem nisi sit rerum commodi. Iusto sed impedit minus. Id corrupti dolor dolorem voluptate cum animi eligendi. Ullam expedita aut consequatur.', 2, '2019-05-14 05:31:25', '2019-05-14 05:31:25'),
(98, 25, 'Shaylee Wunsch', 'Autem laborum corporis officiis delectus sed et. Dolorum amet deserunt omnis sint quasi voluptatibus id. Vel dignissimos voluptas consequuntur temporibus quaerat enim veniam.', 0, '2019-05-14 05:31:25', '2019-05-14 05:31:25'),
(99, 20, 'Tyree Williamson Sr.', 'Illo porro et consectetur expedita quia omnis. Consequuntur ipsa labore adipisci tempora dignissimos autem repellendus. Sit quo et aut ullam saepe incidunt labore autem.', 4, '2019-05-14 05:31:25', '2019-05-14 05:31:25'),
(100, 4, 'Alexzander Batz', 'Architecto quos consequatur aut enim. Dicta sequi repellat velit ad ut recusandae tenetur. Aliquam quisquam vitae voluptatem.', 2, '2019-05-14 05:31:25', '2019-05-14 05:31:25'),
(101, 36, 'Jolie Cormier', 'Aliquid expedita libero in iure ea. Veritatis et eos voluptatum quibusdam dicta ea eum. Libero et dolorem saepe et qui doloremque ducimus veniam. Repudiandae dolore temporibus omnis. Hic eum est est voluptas.', 5, '2019-05-14 05:31:25', '2019-05-14 05:31:25'),
(102, 40, 'Savion Pacocha', 'Aliquid beatae tempora et in ipsam. Ipsa non veritatis iste reiciendis mollitia illum non veritatis. Iure incidunt perferendis saepe in deleniti totam.', 2, '2019-05-14 05:31:25', '2019-05-14 05:31:25'),
(103, 49, 'Carmen Stroman', 'Blanditiis repellat consequatur dolores nam nesciunt. Commodi ipsa voluptatum nemo consequuntur sapiente. Magni facere quisquam ut dicta et. Perferendis officiis similique qui sed necessitatibus ea et. Veniam impedit labore consequuntur soluta sapiente saepe voluptates.', 0, '2019-05-14 05:31:25', '2019-05-14 05:31:25'),
(104, 43, 'Myrtie Walker', 'Distinctio aut est tempora illo voluptas eveniet. Possimus magnam omnis ipsa non earum. Maxime velit eligendi pariatur dolores architecto temporibus ad.', 1, '2019-05-14 05:31:25', '2019-05-14 05:31:25'),
(105, 11, 'Mr. Anderson Wunsch Sr.', 'Id quisquam nulla voluptas sit laudantium voluptate fugiat. Alias optio voluptates autem sunt ad debitis itaque. Omnis esse nobis cupiditate quis. Facere iste non facere at exercitationem. Id error et architecto qui aut.', 1, '2019-05-14 05:31:25', '2019-05-14 05:31:25'),
(106, 39, 'Bernice Stracke DDS', 'Provident quia est tempora impedit quasi et quia. Soluta et itaque ratione laborum aut quae rerum. Corrupti cum in itaque aut illum vel delectus. Rerum molestias illum aperiam ut et.', 5, '2019-05-14 05:31:25', '2019-05-14 05:31:25'),
(107, 48, 'King Veum', 'Possimus sed consectetur explicabo sed omnis asperiores minima. Iusto minus eligendi nobis vel.', 1, '2019-05-14 05:31:25', '2019-05-14 05:31:25'),
(108, 27, 'Joanie Cummerata', 'Sint omnis tenetur dignissimos cumque. Aut iure non magnam odio. Dolores distinctio mollitia non omnis dolore tenetur.', 5, '2019-05-14 05:31:25', '2019-05-14 05:31:25'),
(109, 42, 'Euna Klocko PhD', 'Omnis perferendis qui ad nemo sed. Fugiat omnis voluptates illo et dolorum. Consequatur voluptatibus aperiam ut vero tenetur quo. Rerum nisi in rerum quaerat fugiat.', 3, '2019-05-14 05:31:25', '2019-05-14 05:31:25'),
(110, 48, 'Holly Simonis', 'Harum accusamus dignissimos voluptates occaecati rerum laboriosam molestiae. Consequatur eos voluptates quis quisquam reiciendis natus. Et facere quis debitis autem.', 4, '2019-05-14 05:31:25', '2019-05-14 05:31:25'),
(111, 7, 'Prof. Tate Will I', 'Qui amet animi eum doloremque. Quaerat sint accusantium non et labore esse aut.', 4, '2019-05-14 05:31:25', '2019-05-14 05:31:25'),
(112, 25, 'Ransom Nicolas IV', 'Saepe sunt provident qui et officia. Qui eum assumenda laborum. Velit reprehenderit consequuntur accusantium qui et tempora temporibus saepe.', 0, '2019-05-14 05:31:25', '2019-05-14 05:31:25'),
(113, 28, 'Tierra Maggio', 'Veritatis possimus repellendus recusandae velit aliquam cum nulla explicabo. Deserunt ut aut a omnis dolor dicta ipsa. Debitis quibusdam occaecati voluptas.', 0, '2019-05-14 05:31:26', '2019-05-14 05:31:26'),
(114, 42, 'Muriel Ward', 'Rem a quis recusandae voluptatem quia. Numquam quia totam voluptas assumenda ullam fugit consequatur.', 4, '2019-05-14 05:31:26', '2019-05-14 05:31:26'),
(115, 50, 'Dale Schneider', 'Autem maxime delectus deleniti excepturi non. Quasi rerum numquam et porro suscipit suscipit numquam. Atque deserunt dolor ipsum sit quia est quo.', 4, '2019-05-14 05:31:26', '2019-05-14 05:31:26'),
(116, 37, 'Prof. Willy Gaylord Jr.', 'Dolores dolorem pariatur beatae quaerat. Dolorem omnis dignissimos non enim asperiores nesciunt voluptatem. Praesentium dicta voluptas commodi quia. Et quam quis autem quia consequatur. Nemo eius quasi et ullam fugit.', 0, '2019-05-14 05:31:26', '2019-05-14 05:31:26'),
(117, 22, 'Angelita Metz', 'Autem fugiat deserunt cumque architecto architecto est et. Odit exercitationem voluptatibus consequatur similique amet. Porro dicta id debitis accusantium cumque aspernatur dolor est. Nulla voluptatem maxime molestias.', 0, '2019-05-14 05:31:26', '2019-05-14 05:31:26'),
(118, 44, 'Werner Botsford', 'Aut est omnis iusto assumenda aut. Error ut perferendis nesciunt fuga eos animi. Dicta non cum dolor ut tempora animi nulla optio. Praesentium placeat consequatur omnis et alias consectetur.', 2, '2019-05-14 05:31:26', '2019-05-14 05:31:26'),
(119, 23, 'Clemens Langworth', 'Omnis quam impedit ea quia sint. Quia atque a nisi est quaerat consequuntur. Voluptatem odit sint ratione dolor quam molestias sit non.', 3, '2019-05-14 05:31:26', '2019-05-14 05:31:26'),
(120, 3, 'Mrs. Marlee Hill', 'Molestiae consequuntur quia nostrum doloribus id veniam sint aut. Facere et fugit rerum quia. Ea et illum et ipsa non vero error. Minus quis voluptas nihil illum provident.', 2, '2019-05-14 05:31:26', '2019-05-14 05:31:26'),
(121, 38, 'Miss Rachelle Hagenes', 'Voluptas reiciendis sint eum doloribus illum debitis sed ipsa. Magni ut impedit laborum eos beatae sunt.', 1, '2019-05-14 05:31:26', '2019-05-14 05:31:26'),
(122, 13, 'Sonny Dibbert', 'Non quis sit accusantium consectetur ipsa et et. Dolor voluptate aliquam vero iusto reprehenderit dolores quasi. Consequuntur ipsam delectus asperiores commodi velit beatae. Voluptatem mollitia quo eos esse quae aut.', 1, '2019-05-14 05:31:26', '2019-05-14 05:31:26'),
(123, 15, 'Sydni Dooley', 'Incidunt temporibus voluptate sed reiciendis. Voluptas facere enim optio deserunt modi voluptates animi. Quisquam et non quibusdam omnis dolor. Sed et inventore et. Quod doloremque in soluta inventore vel autem distinctio.', 1, '2019-05-14 05:31:26', '2019-05-14 05:31:26'),
(124, 1, 'Timmothy Kshlerin', 'Alias reprehenderit illo accusamus quod voluptate quae. Minus sit aut quod hic quis temporibus consequatur. Delectus dolorem consequatur sequi aut aspernatur beatae deserunt incidunt. Et ab optio sunt hic qui et.', 5, '2019-05-14 05:31:26', '2019-05-14 05:31:26'),
(125, 30, 'Stewart Wilkinson', 'Rerum sit perferendis porro exercitationem dicta. Consectetur sed beatae sed a. Laudantium ut neque nesciunt minus alias repudiandae voluptas inventore. Commodi quia impedit laboriosam.', 3, '2019-05-14 05:31:26', '2019-05-14 05:31:26'),
(126, 9, 'Levi Rolfson', 'Sit eaque mollitia ducimus provident sed omnis aut. Voluptas blanditiis rerum cumque temporibus esse. Rerum est et adipisci dolorem voluptates. Rerum qui autem sit aspernatur ut dolorem velit.', 2, '2019-05-14 05:31:26', '2019-05-14 05:31:26'),
(127, 7, 'Mr. Lindsey Pacocha', 'Quisquam et et sit ad eum assumenda. Dolores beatae ut quia consequatur dolor. Enim sequi eos ut provident illo sint similique.', 5, '2019-05-14 05:31:26', '2019-05-14 05:31:26'),
(128, 30, 'Myles Murray', 'Reprehenderit atque velit aut accusamus perspiciatis quis. Odio sunt praesentium ad consequatur nesciunt. Tempora deleniti debitis cupiditate id officiis commodi. Voluptas facilis consequatur labore labore.', 5, '2019-05-14 05:31:26', '2019-05-14 05:31:26'),
(129, 18, 'Dr. Eriberto Bogan', 'Non temporibus ad reprehenderit illo. Voluptatem eaque rem minus qui veritatis rerum. Quisquam dolorem temporibus fugit aut modi recusandae quis.', 0, '2019-05-14 05:31:26', '2019-05-14 05:31:26'),
(130, 25, 'Sherman Nienow', 'Recusandae laudantium et recusandae voluptatem et repudiandae. Reprehenderit aliquam mollitia commodi reprehenderit et. Explicabo quaerat est et est esse doloremque aut.', 4, '2019-05-14 05:31:26', '2019-05-14 05:31:26'),
(131, 39, 'Sigmund Ryan V', 'Adipisci sit suscipit minima officiis. Unde sed quia maxime voluptas. Quam minus nisi minima occaecati. Ea aut sunt odit et nostrum voluptatum eos et.', 3, '2019-05-14 05:31:26', '2019-05-14 05:31:26'),
(132, 14, 'Virgil Brakus', 'Dolores omnis aut eos et qui consectetur. Quo tenetur consequuntur voluptatibus quo recusandae odio et. Sequi minima ut eum labore ut id.', 5, '2019-05-14 05:31:26', '2019-05-14 05:31:26'),
(133, 1, 'Miss Katelynn Medhurst', 'Recusandae et dolores iusto unde ut ad ullam. Quia itaque animi quae quas. Labore aliquam quibusdam optio quod. Aut et quibusdam beatae aliquid fugiat et.', 2, '2019-05-14 05:31:26', '2019-05-14 05:31:26'),
(134, 13, 'Melody Eichmann', 'Quidem delectus distinctio non itaque quam dolorem laudantium. Explicabo aliquam doloribus labore id perspiciatis ut cupiditate. Omnis eos quod suscipit enim. Enim at vel facilis qui.', 2, '2019-05-14 05:31:26', '2019-05-14 05:31:26'),
(135, 17, 'Aiyana Hermiston', 'Quia sed architecto sunt dicta recusandae adipisci et eius. Sunt ea excepturi earum cum aut neque. Placeat est a ut dolores est dolorem. Optio enim eligendi nemo possimus distinctio.', 4, '2019-05-14 05:31:26', '2019-05-14 05:31:26'),
(136, 24, 'Ulices Mann I', 'Et quidem ipsam illum cum. Officiis ut omnis illo aut quidem est. Sunt consectetur accusamus ex quos similique omnis aliquam. Nam in at repellendus voluptas sit libero sapiente ut. Adipisci quasi qui odit.', 5, '2019-05-14 05:31:26', '2019-05-14 05:31:26'),
(137, 39, 'Troy Bogan', 'Quae omnis consectetur perspiciatis id nisi eum. Quae recusandae est illum harum ex odio.', 3, '2019-05-14 05:31:26', '2019-05-14 05:31:26'),
(138, 18, 'Lou Cummings', 'Maiores blanditiis culpa eos nisi dignissimos. Totam ipsum soluta nihil est consequatur qui itaque. Molestias sit non est repudiandae a tempora.', 2, '2019-05-14 05:31:26', '2019-05-14 05:31:26'),
(139, 31, 'Lucile Watsica', 'Dolorum sunt sit non similique et deserunt corrupti. Quo est quisquam sint dolore quia velit. Voluptatem dolorum rem temporibus assumenda officia omnis velit.', 2, '2019-05-14 05:31:26', '2019-05-14 05:31:26'),
(140, 3, 'Hailey Dach', 'Et asperiores et nesciunt error. Aut vel libero est nulla. Quam et repellendus ut animi excepturi. Delectus ut vel inventore.', 1, '2019-05-14 05:31:26', '2019-05-14 05:31:26'),
(141, 6, 'Joe Trantow', 'Dolor quam mollitia illo. Nesciunt odit magni voluptatum fugit ut eum qui. Tenetur est inventore aperiam libero soluta tempore cum. Quia vel qui delectus.', 5, '2019-05-14 05:31:26', '2019-05-14 05:31:26'),
(142, 45, 'Waino Ziemann MD', 'Facere fugiat est eos. Rerum deserunt corrupti debitis aperiam deserunt non. Culpa consequuntur doloribus ducimus ullam.', 1, '2019-05-14 05:31:26', '2019-05-14 05:31:26'),
(143, 25, 'Jayce Konopelski', 'Ex modi magnam sapiente sequi esse dolores. Et ut vel esse eligendi esse. Quasi quasi a laudantium quisquam. Sunt asperiores quasi voluptatem qui laborum blanditiis doloremque.', 5, '2019-05-14 05:31:27', '2019-05-14 05:31:27'),
(144, 29, 'Lessie Corwin', 'Eos dolor omnis dicta fuga dicta. Nam qui et vel debitis. Sit at sed est quas praesentium inventore. Rerum eos dolores consequatur et.', 3, '2019-05-14 05:31:27', '2019-05-14 05:31:27'),
(145, 21, 'Fanny Carroll', 'Voluptatem quaerat dolor ratione beatae. Recusandae autem in velit. Ut nam numquam fugit delectus fugiat excepturi dolor.', 0, '2019-05-14 05:31:27', '2019-05-14 05:31:27'),
(146, 1, 'Miss Emilie Hudson', 'Veniam quia perferendis atque. Quod aliquid aut beatae et dolores pariatur blanditiis. Sed esse omnis sunt non ipsam iusto rerum.', 3, '2019-05-14 05:31:27', '2019-05-14 05:31:27'),
(147, 46, 'Marisa Bode Jr.', 'Sit voluptate quia doloribus amet nesciunt ducimus impedit. Fugit et sit expedita fuga delectus dicta.', 2, '2019-05-14 05:31:27', '2019-05-14 05:31:27'),
(148, 40, 'Miss Dayna Aufderhar III', 'Expedita vel id sed. Illum et debitis voluptates quasi deserunt odio totam.', 5, '2019-05-14 05:31:27', '2019-05-14 05:31:27'),
(149, 8, 'Roxane Funk', 'Optio esse quasi ullam qui modi. Beatae quasi et totam rerum nostrum porro sint. Veritatis ipsam possimus sapiente animi exercitationem veniam mollitia. Enim molestiae numquam et dolorem aspernatur voluptatibus vel.', 4, '2019-05-14 05:31:27', '2019-05-14 05:31:27'),
(150, 2, 'Urban Dickinson', 'Itaque sed modi praesentium. Deleniti et quasi laudantium natus qui explicabo voluptas id. Consequatur corrupti incidunt laborum magni voluptas.', 1, '2019-05-14 05:31:27', '2019-05-14 05:31:27'),
(151, 31, 'Emery Bechtelar', 'Quis qui qui maxime esse. Delectus est reiciendis adipisci qui est aut rerum expedita. Illum totam nostrum ut odit.', 4, '2019-05-14 05:31:27', '2019-05-14 05:31:27'),
(152, 20, 'Elwyn Kertzmann', 'Maxime voluptas et accusantium alias nisi. Magni rerum in autem ratione voluptate quidem. Adipisci minus qui vel sit aliquam voluptatem autem. Dolor laborum dolor iure consequatur fugit autem expedita at.', 4, '2019-05-14 05:31:27', '2019-05-14 05:31:27'),
(153, 47, 'Florine Herzog MD', 'Sed est nobis consequatur consequatur est numquam. Non aliquam voluptas perspiciatis quis. Fugiat est voluptatem perspiciatis eligendi dolorem. Est commodi excepturi vel quo esse unde impedit ab.', 0, '2019-05-14 05:31:27', '2019-05-14 05:31:27'),
(154, 16, 'Prof. Aron Lesch', 'Consequatur enim quidem impedit laborum et nostrum. Mollitia et deleniti velit et quos. Atque ex quo est tenetur minus necessitatibus rerum. Quo nulla et aut et.', 1, '2019-05-14 05:31:27', '2019-05-14 05:31:27'),
(155, 33, 'Mr. Tito Pfeffer MD', 'Quasi adipisci quidem omnis quod et iste. Dolorem sunt corrupti iusto. Corporis nihil perspiciatis voluptatem quas autem aut quasi voluptatibus. Optio maxime autem suscipit porro iste rerum.', 1, '2019-05-14 05:31:27', '2019-05-14 05:31:27'),
(156, 28, 'Monte Kuhlman', 'Nulla tempora asperiores et ipsum laudantium. Quam corporis ex vitae assumenda tempore. Non porro aut ut officia eos. Ipsum sequi quidem temporibus nobis veniam eligendi blanditiis.', 4, '2019-05-14 05:31:27', '2019-05-14 05:31:27'),
(157, 24, 'Ms. Christa Ratke', 'Omnis facilis occaecati sed cupiditate in mollitia sunt voluptas. Nihil doloremque et nesciunt vero maiores aut.', 2, '2019-05-14 05:31:27', '2019-05-14 05:31:27'),
(158, 33, 'Norma Ferry', 'Minima quos qui eaque similique vel quae amet. Sint ipsum delectus sit. Perferendis eos corporis eos voluptas necessitatibus reiciendis itaque veniam.', 2, '2019-05-14 05:31:27', '2019-05-14 05:31:27'),
(159, 26, 'Merle Turner', 'Distinctio doloribus asperiores dolorem dignissimos. Saepe ratione qui beatae qui. Inventore non dolor adipisci laboriosam aspernatur tempora.', 5, '2019-05-14 05:31:27', '2019-05-14 05:31:27'),
(160, 8, 'Kaitlin Steuber', 'Est perferendis mollitia doloribus est pariatur. Dolor voluptas voluptatibus quia voluptas amet sunt. Est inventore doloremque et illum. Natus sint nostrum voluptatibus tenetur sit ut.', 0, '2019-05-14 05:31:27', '2019-05-14 05:31:27'),
(161, 12, 'Kenna Bode', 'Ut veniam quaerat aut. Minus nulla ut odit et id unde. Repellat et repellendus corporis facere. Nihil commodi sint sint a facilis modi ad.', 5, '2019-05-14 05:31:27', '2019-05-14 05:31:27'),
(162, 25, 'Tyra Stark III', 'Molestias in ratione excepturi quia dolores. Aspernatur nihil fugit delectus aut ut ipsam. Mollitia minima mollitia et numquam molestiae beatae. Odit ipsam voluptatem aut ut magnam optio cupiditate ut.', 4, '2019-05-14 05:31:27', '2019-05-14 05:31:27'),
(163, 12, 'Prof. Ernestine Johnson I', 'Nesciunt magni mollitia unde harum. Vel non velit non labore. Omnis nostrum consectetur incidunt nobis quo. Nam nostrum nulla distinctio ipsam.', 2, '2019-05-14 05:31:27', '2019-05-14 05:31:27'),
(164, 2, 'Everett Prosacco', 'Perferendis expedita tempore quia velit voluptate doloribus incidunt. Ut magni aut aut sed voluptatum consequatur repellat. Quibusdam autem quidem tenetur error reiciendis voluptates ex molestias.', 5, '2019-05-14 05:31:27', '2019-05-14 05:31:27'),
(165, 26, 'Enid Homenick', 'In nostrum voluptas rem voluptates eum iusto sunt. Consequatur tempore modi maxime dolor et repellat. Saepe veritatis et velit ad facere.', 1, '2019-05-14 05:31:27', '2019-05-14 05:31:27'),
(166, 21, 'Halie Jacobs', 'Cum perspiciatis eum esse corrupti sint omnis culpa. Occaecati ipsum ea veritatis rerum. Officia veritatis qui quidem sed exercitationem voluptas. Tempore nihil commodi accusamus voluptas saepe. Itaque consequatur voluptas corporis tempore at.', 0, '2019-05-14 05:31:27', '2019-05-14 05:31:27'),
(167, 40, 'Lela O\'Reilly', 'Voluptates qui omnis saepe sed. Laboriosam eos qui maiores explicabo ad. Qui dolorem enim in voluptas nihil.', 2, '2019-05-14 05:31:27', '2019-05-14 05:31:27'),
(168, 49, 'Johnathan Kunze', 'Eaque dignissimos temporibus quis molestiae laudantium et. Voluptas ex rerum eveniet molestiae est ea qui enim. Expedita eligendi voluptatem eaque voluptatem non.', 0, '2019-05-14 05:31:27', '2019-05-14 05:31:27'),
(169, 5, 'Lorna Brown', 'Id est iste voluptatem natus veniam non magnam. Ea ipsum deserunt inventore quo. Fuga ab fuga repellendus debitis. Molestias et esse labore magni dolor ut cupiditate.', 1, '2019-05-14 05:31:27', '2019-05-14 05:31:27'),
(170, 19, 'Sophia Turner', 'Dolore rerum iure omnis eligendi illum quos qui. Consequatur est voluptas nesciunt voluptatem cum odit non ex. Et iure est voluptas sint error non. Omnis reprehenderit rerum sit ut doloremque aut.', 0, '2019-05-14 05:31:27', '2019-05-14 05:31:27'),
(171, 40, 'Berneice West', 'Est ut voluptates nobis et totam similique. Non nulla hic consectetur sed sit expedita quidem enim. Consequuntur temporibus culpa at reiciendis.', 0, '2019-05-14 05:31:27', '2019-05-14 05:31:27'),
(172, 3, 'Dr. Kellie Sanford', 'Error repellat labore suscipit. Architecto veritatis odit hic nam quia eos. Consequatur repudiandae aut autem et magnam qui sed.', 5, '2019-05-14 05:31:27', '2019-05-14 05:31:27'),
(173, 29, 'Garret Kunze', 'Quisquam architecto aut non eius. Perferendis ut aut voluptas magnam id officiis reiciendis ad. Consectetur et molestias nihil vel similique iure. Nihil sed commodi sunt quaerat.', 4, '2019-05-14 05:31:27', '2019-05-14 05:31:27'),
(174, 33, 'Jace Hoppe', 'Quae soluta et porro consectetur incidunt iste ducimus. Quaerat doloribus ea debitis ipsam quo voluptas et. Suscipit deleniti totam non placeat eos sequi corporis fugiat.', 4, '2019-05-14 05:31:27', '2019-05-14 05:31:27'),
(175, 2, 'Mrs. Carlie Conroy II', 'Eius dolorum consequatur tempore atque nemo laborum. Vitae est quisquam maxime ea architecto deleniti.', 1, '2019-05-14 05:31:27', '2019-05-14 05:31:27'),
(176, 14, 'Miss Ivah Ondricka III', 'Tenetur voluptatem omnis velit a reprehenderit. Corporis repellendus delectus repellat et quibusdam saepe dolorem minus. Optio sit consequuntur qui illum. Veniam est quod similique incidunt.', 3, '2019-05-14 05:31:27', '2019-05-14 05:31:27'),
(177, 39, 'Alvena Jakubowski', 'Delectus quisquam sequi at mollitia praesentium et. Quia quasi corporis distinctio. Incidunt ratione omnis voluptate quod magni deserunt. Corrupti quisquam beatae praesentium consequuntur. Sapiente minima nihil consequatur minima molestiae debitis accusantium.', 4, '2019-05-14 05:31:27', '2019-05-14 05:31:27'),
(178, 19, 'Abbey Kerluke', 'Reprehenderit qui rerum eum qui possimus ipsum. Omnis labore corporis sit recusandae magnam. Neque ratione doloribus excepturi corrupti.', 3, '2019-05-14 05:31:27', '2019-05-14 05:31:27'),
(179, 30, 'Lila Powlowski', 'Provident quia ipsa libero aperiam qui dolorem. Qui illo corporis officia assumenda nostrum. Aspernatur in eos neque. Rerum et dolores quos amet ut possimus.', 5, '2019-05-14 05:31:27', '2019-05-14 05:31:27'),
(180, 50, 'Laurianne McClure', 'Dicta sint ut quasi nisi quod sed non. Dolorem veritatis ratione magni aperiam. Ut modi nemo nihil.', 1, '2019-05-14 05:31:27', '2019-05-14 05:31:27'),
(181, 44, 'Justine Kerluke', 'Suscipit maiores similique ut rerum voluptatem. Ut voluptatem occaecati a aut quo in. Temporibus eos velit commodi esse.', 4, '2019-05-14 05:31:27', '2019-05-14 05:31:27'),
(182, 42, 'Sarai Kris', 'Consequuntur consequuntur odit dolorum ullam beatae. Harum delectus temporibus aut ut. Vel et et excepturi. Ut occaecati veritatis impedit omnis itaque.', 0, '2019-05-14 05:31:27', '2019-05-14 05:31:27'),
(183, 5, 'Rosanna VonRueden', 'Dolore vero est atque quo itaque officia error. Et aliquam blanditiis sed earum repellendus. Aspernatur magni mollitia quam voluptas omnis inventore.', 5, '2019-05-14 05:31:27', '2019-05-14 05:31:27'),
(184, 1, 'Carolina Toy', 'Nam id aut consequuntur eveniet totam. Natus laboriosam tempore et non adipisci.', 1, '2019-05-14 05:31:27', '2019-05-14 05:31:27'),
(185, 38, 'Mrs. Micaela Spinka', 'Sed occaecati magnam possimus ut eos dolores. Dolor sapiente in totam ipsa ut. Aliquid nobis accusamus quod quia porro.', 1, '2019-05-14 05:31:27', '2019-05-14 05:31:27'),
(186, 12, 'Amy Hammes II', 'At aspernatur est sit magni nemo rem facilis qui. Velit et nobis sit distinctio alias. Et ab impedit officiis.', 4, '2019-05-14 05:31:27', '2019-05-14 05:31:27'),
(187, 47, 'Mekhi Heathcote', 'Eos eos nobis numquam consequuntur quidem qui perspiciatis. Et sed voluptatem neque illo voluptas numquam. Repellendus adipisci voluptas voluptates animi.', 5, '2019-05-14 05:31:27', '2019-05-14 05:31:27'),
(188, 14, 'Dell Ernser DDS', 'Aut suscipit dolor nobis officiis autem autem. Enim iusto temporibus debitis. Voluptatum id qui facilis quae et architecto. Voluptatibus asperiores sint blanditiis facilis non aperiam. Quis inventore ratione aspernatur iste.', 4, '2019-05-14 05:31:27', '2019-05-14 05:31:27'),
(189, 25, 'Maxime Jacobi', 'Quo aspernatur repellat ut quibusdam. Omnis nulla dolor tempora sed id. Sint omnis facere deleniti voluptates quis autem.', 0, '2019-05-14 05:31:27', '2019-05-14 05:31:27'),
(190, 10, 'Colten Lang', 'Quas ratione ad quo voluptatem. Temporibus aliquid voluptatem qui suscipit laudantium molestiae rerum. Qui natus maiores amet reiciendis eos. Ab aliquam omnis autem qui dolorem ut deleniti. Sit omnis sunt totam ducimus vero.', 0, '2019-05-14 05:31:27', '2019-05-14 05:31:27'),
(191, 49, 'Prof. Katelin Leannon', 'Dicta et mollitia harum eaque. Dolore voluptas repellat dolor est aut omnis fuga. Voluptatibus excepturi explicabo odio.', 1, '2019-05-14 05:31:27', '2019-05-14 05:31:27'),
(192, 46, 'Laila Dickinson', 'Ex consequatur quo enim ut et eveniet. Necessitatibus praesentium incidunt et delectus non. Voluptatem odio adipisci et vel tempore. Molestiae magnam dolorem libero suscipit qui.', 0, '2019-05-14 05:31:28', '2019-05-14 05:31:28'),
(193, 44, 'Maye Grady', 'Dolores sed dolorem odio asperiores dolores et. Omnis nihil rerum dolores nostrum nam. Animi est tenetur qui nobis eaque et earum harum.', 2, '2019-05-14 05:31:28', '2019-05-14 05:31:28'),
(194, 40, 'Mr. Webster Denesik Jr.', 'Porro incidunt quos quaerat facere aut qui eum rerum. Enim autem a quam. Molestias cumque occaecati rerum magni quam nihil. Aspernatur natus enim distinctio tempora qui velit.', 1, '2019-05-14 05:31:28', '2019-05-14 05:31:28'),
(195, 39, 'Shemar Prohaska', 'Ea enim aut inventore sed. Velit facere atque amet nihil id impedit. Odit quibusdam esse laborum consequatur est. Rerum autem sit porro ut voluptate ipsa sint quod.', 2, '2019-05-14 05:31:28', '2019-05-14 05:31:28'),
(196, 5, 'Nyasia Vandervort', 'Repudiandae corrupti aut alias eveniet. Consectetur incidunt aut eligendi animi corrupti voluptatem consectetur qui. Facilis illum sint ut magni. Qui voluptatibus et aliquam autem mollitia. Magni ut omnis vero cumque explicabo qui.', 4, '2019-05-14 05:31:28', '2019-05-14 05:31:28'),
(197, 19, 'Prof. Corine Abernathy III', 'Aspernatur officia quae aut ad ratione ut enim. Ex quis corporis voluptatem voluptas qui expedita. Nihil laborum ea quia.', 4, '2019-05-14 05:31:28', '2019-05-14 05:31:28'),
(198, 14, 'Lilla Hegmann', 'Dolore recusandae quod est ut. Dolores reiciendis ut sed deserunt ipsam dolorum. Ut doloribus est saepe et sit illo.', 1, '2019-05-14 05:31:28', '2019-05-14 05:31:28'),
(199, 17, 'Thomas Toy', 'Non ducimus ea rerum laudantium aut amet suscipit qui. Necessitatibus voluptas provident non aut. Autem voluptates dolor voluptatem.', 3, '2019-05-14 05:31:28', '2019-05-14 05:31:28'),
(200, 24, 'Lavern Rath', 'Assumenda et quidem commodi. Non non eaque provident doloribus magni non. Aspernatur possimus sit eveniet omnis magnam ipsa. Optio facere non enim.', 3, '2019-05-14 05:31:28', '2019-05-14 05:31:28'),
(201, 14, 'Wallace Veum V', 'Aliquam consequatur sed natus est ab necessitatibus. Qui exercitationem autem aperiam. Et et tempora ut at. Maiores aliquid rerum nihil id excepturi beatae.', 4, '2019-05-14 05:31:28', '2019-05-14 05:31:28'),
(202, 3, 'Prof. Hillary Mueller II', 'Id sunt aut quia eos mollitia veniam in. Sed aspernatur optio facere. Id ab illum voluptas tenetur amet ex quo.', 2, '2019-05-14 05:31:28', '2019-05-14 05:31:28'),
(203, 7, 'Nathaniel Weissnat', 'Consectetur enim omnis eius nemo pariatur. Natus molestiae qui adipisci provident et sit consequatur. Dicta qui inventore ipsum aliquid dolores. Suscipit et itaque est tempora. Deserunt eos unde accusantium voluptas rem aut dolor quisquam.', 0, '2019-05-14 05:31:28', '2019-05-14 05:31:28'),
(204, 11, 'Forrest Gutmann', 'Possimus error et ut quam est eos. Quisquam delectus eum eos aspernatur tenetur porro. Aut repudiandae earum occaecati dolores nulla quia.', 0, '2019-05-14 05:31:28', '2019-05-14 05:31:28'),
(205, 38, 'Delphia Stehr', 'Assumenda placeat eos odio blanditiis voluptatem. Sed et veniam vel porro ex quisquam id.', 0, '2019-05-14 05:31:28', '2019-05-14 05:31:28'),
(206, 15, 'Madaline Mayer', 'Voluptatibus eos qui voluptatem. Perferendis perspiciatis nulla dolorem. Corporis nostrum modi animi enim ducimus fuga. Sapiente velit qui ad voluptatem iusto expedita ut nihil.', 3, '2019-05-14 05:31:28', '2019-05-14 05:31:28'),
(207, 42, 'Prof. Torrance McKenzie II', 'Explicabo dignissimos ut aut commodi perferendis quo. Et ut perferendis et alias. Id doloremque dolorum aut exercitationem. Exercitationem eligendi tenetur quo illum labore ab.', 2, '2019-05-14 05:31:28', '2019-05-14 05:31:28'),
(208, 43, 'Talon Crooks', 'Impedit repudiandae quos ducimus nesciunt sapiente sit harum. Repudiandae porro aspernatur sint odit aut. Deleniti ut a dolores non omnis voluptates animi.', 4, '2019-05-14 05:31:28', '2019-05-14 05:31:28'),
(209, 33, 'Bryon Brekke', 'Error corporis inventore et voluptas rerum ipsa laborum quibusdam. Ut rerum fugiat rerum nobis unde tenetur voluptatibus. Molestiae ut enim reiciendis et. Ut ipsam illo eum quo rerum tenetur et.', 4, '2019-05-14 05:31:28', '2019-05-14 05:31:28'),
(210, 38, 'Chaim Rutherford III', 'Eligendi autem ratione perferendis doloremque eaque vel. Esse sit impedit amet qui.', 2, '2019-05-14 05:31:28', '2019-05-14 05:31:28'),
(211, 12, 'Miss Mollie Smitham', 'Et accusamus dolorum officia eos ut beatae. Sunt qui sunt debitis sit. Placeat assumenda commodi eum nam est id. A molestias hic eligendi ea officia. Est vel necessitatibus facere praesentium id rerum.', 1, '2019-05-14 05:31:28', '2019-05-14 05:31:28');
INSERT INTO `reviews` (`id`, `product_id`, `customer`, `review`, `star`, `created_at`, `updated_at`) VALUES
(212, 20, 'Mr. Hilton Turner V', 'Aspernatur consequatur esse recusandae esse asperiores. Sint architecto ipsa sapiente consequuntur quis alias. Perferendis quos veniam dicta non commodi voluptas.', 1, '2019-05-14 05:31:28', '2019-05-14 05:31:28'),
(213, 26, 'Adele Ondricka', 'Laudantium architecto aspernatur nulla consequatur doloremque recusandae. Voluptatem est esse numquam et dolor. Aut et culpa facere minus nostrum accusamus architecto.', 5, '2019-05-14 05:31:28', '2019-05-14 05:31:28'),
(214, 27, 'Ahmad Kiehn', 'Et rem error eum quis minima corporis et non. Voluptates quaerat fugiat saepe harum. Aliquid est est a consequatur molestiae omnis.', 1, '2019-05-14 05:31:28', '2019-05-14 05:31:28'),
(215, 6, 'Jonas Walsh', 'Voluptatem pariatur consequatur repellat atque architecto. Deleniti quos placeat saepe. Perferendis animi vitae rerum perspiciatis sit. Quia ullam consequuntur explicabo dolore sunt eum.', 5, '2019-05-14 05:31:28', '2019-05-14 05:31:28'),
(216, 40, 'Frederick Lowe MD', 'Tempora quo expedita aliquid nemo mollitia aut est qui. Necessitatibus soluta architecto error voluptas eius.', 4, '2019-05-14 05:31:28', '2019-05-14 05:31:28'),
(217, 4, 'Prof. Gabriel Hoppe MD', 'Voluptatem dolor aut assumenda nesciunt vel. Modi sed illo minima asperiores vitae nesciunt porro incidunt. Unde ut magnam veniam vero quas at pariatur. Aspernatur nesciunt expedita aut ut molestias id. Ea autem a aut ut sunt officiis.', 4, '2019-05-14 05:31:28', '2019-05-14 05:31:28'),
(218, 43, 'Ms. Sylvia Fahey', 'Quis consequuntur ut odio culpa ex saepe ut. Earum voluptas dolor voluptates quis voluptatum qui.', 1, '2019-05-14 05:31:28', '2019-05-14 05:31:28'),
(219, 1, 'Buddy Sipes', 'Recusandae corporis quas at incidunt maiores quod illum. Optio repudiandae optio ratione facilis aut quia reprehenderit. Assumenda eligendi perspiciatis molestiae commodi nesciunt temporibus illo.', 3, '2019-05-14 05:31:28', '2019-05-14 05:31:28'),
(220, 36, 'August Huel', 'Distinctio rerum magni odit. Odio et aut aperiam veniam. Ex hic eligendi neque eaque.', 4, '2019-05-14 05:31:28', '2019-05-14 05:31:28'),
(221, 44, 'Samantha Grant', 'Officia ducimus sed officia ratione rem et voluptatem. Distinctio consequatur repellat velit voluptatem et perferendis. Minus dicta sed quae autem enim est cum.', 2, '2019-05-14 05:31:28', '2019-05-14 05:31:28'),
(222, 15, 'Ms. Jacynthe Smitham', 'Ad dolores pariatur provident nisi error excepturi. Non quo alias sed et quam nobis.', 4, '2019-05-14 05:31:28', '2019-05-14 05:31:28'),
(223, 19, 'Al Mosciski Sr.', 'Aperiam mollitia voluptas est et neque quibusdam veritatis ut. Sint qui facere laboriosam. Nihil libero magnam modi voluptatem voluptatem doloribus.', 4, '2019-05-14 05:31:28', '2019-05-14 05:31:28'),
(224, 33, 'Hilbert Denesik', 'Commodi dolores dolores ut nemo dolorem. Ipsum qui veritatis voluptates molestias est.', 5, '2019-05-14 05:31:28', '2019-05-14 05:31:28'),
(225, 26, 'Mrs. Rosa Romaguera IV', 'Et odio neque facilis non tempora. Laborum id laudantium tenetur velit. Temporibus et voluptas porro fugiat earum quis vero velit. Qui voluptas perspiciatis et est qui.', 1, '2019-05-14 05:31:28', '2019-05-14 05:31:28'),
(226, 16, 'Mr. Korbin Pacocha', 'Perspiciatis eos repellat expedita veritatis. Corporis nisi consequuntur aliquid exercitationem. Eveniet velit sit placeat porro. Est ipsam est laborum et magni beatae.', 5, '2019-05-14 05:31:28', '2019-05-14 05:31:28'),
(227, 29, 'Frankie Kovacek', 'Non omnis alias sit aut enim sint. Qui nulla perferendis veniam et nobis alias. Distinctio ut deserunt et in quasi eos alias.', 1, '2019-05-14 05:31:28', '2019-05-14 05:31:28'),
(228, 20, 'Kory Pfeffer III', 'Architecto natus at modi modi sapiente officiis. Consectetur repellat qui est amet doloremque vitae aliquam. Ut dicta sint fuga corporis.', 4, '2019-05-14 05:31:28', '2019-05-14 05:31:28'),
(229, 14, 'Cassandre Kub', 'Dignissimos sit eum exercitationem laborum sunt fugiat molestiae animi. Quia minus ut tempora aut aut. Eum vel et perferendis consequatur odit voluptas.', 2, '2019-05-14 05:31:28', '2019-05-14 05:31:28'),
(230, 4, 'Brisa Bogan', 'Libero dolor sunt voluptatum facilis. Nesciunt cumque occaecati repudiandae voluptatem aut. In aut non a sequi ipsa quasi et.', 2, '2019-05-14 05:31:28', '2019-05-14 05:31:28'),
(231, 35, 'Sister Kuphal', 'Nesciunt fugit quas fuga. Nobis assumenda dicta quo et. Consectetur et nesciunt quis mollitia possimus laboriosam. Facilis adipisci dicta omnis. Recusandae hic nobis unde ea.', 1, '2019-05-14 05:31:28', '2019-05-14 05:31:28'),
(232, 42, 'Aiyana Blanda V', 'Architecto vero modi amet nisi. Minima maxime consequatur doloremque corrupti esse ea. Nemo occaecati at cupiditate saepe ut voluptas dolores.', 4, '2019-05-14 05:31:28', '2019-05-14 05:31:28'),
(233, 37, 'Sister Harber', 'Enim itaque est non aut quia exercitationem similique. Possimus sunt similique autem beatae. Autem suscipit a eum.', 3, '2019-05-14 05:31:28', '2019-05-14 05:31:28'),
(234, 1, 'Skye Kuphal', 'Quis sit rerum eos aut. Quidem pariatur placeat architecto quibusdam ut reprehenderit molestiae distinctio. Earum delectus omnis vel veniam cumque doloremque laborum. In sed architecto itaque sed ducimus quisquam.', 0, '2019-05-14 05:31:28', '2019-05-14 05:31:28'),
(235, 10, 'Prof. Stacy Senger', 'Ut repellendus voluptas temporibus ut. Eos dolores nesciunt quidem culpa dolorem. Omnis recusandae incidunt omnis maxime veniam veniam soluta. Optio praesentium sed mollitia at.', 2, '2019-05-14 05:31:28', '2019-05-14 05:31:28'),
(236, 28, 'Helga Nitzsche', 'Non suscipit inventore sapiente ut fugit rerum. Et sequi et eligendi dolorem eos et nemo. Est quidem aut architecto vero occaecati ipsam velit consequuntur. Itaque minima eaque culpa ut maxime ex sit nobis.', 2, '2019-05-14 05:31:28', '2019-05-14 05:31:28'),
(237, 16, 'Kennedy Blick', 'A optio tempora id quaerat sunt quo. Corporis odit dolor dicta magnam. Ut architecto similique et et at animi.', 1, '2019-05-14 05:31:28', '2019-05-14 05:31:28'),
(238, 9, 'Mr. Sigrid Haley', 'Ab est rerum consequuntur iste voluptate. Amet porro autem consequatur. Similique rerum hic dolore minima.', 4, '2019-05-14 05:31:28', '2019-05-14 05:31:28'),
(239, 20, 'Michele VonRueden', 'Nihil est dicta aut dolorum molestiae perspiciatis. Ipsam id dignissimos quas omnis illo. Eius laboriosam consequatur vitae sint omnis.', 3, '2019-05-14 05:31:28', '2019-05-14 05:31:28'),
(240, 16, 'Prof. Jovany Bins V', 'Qui delectus ad quibusdam voluptas. Cupiditate dolor recusandae voluptas cupiditate tenetur nihil. Dolores earum porro tempora libero. Sit laboriosam quidem quo non natus non sit.', 4, '2019-05-14 05:31:28', '2019-05-14 05:31:28'),
(241, 40, 'Sabryna Powlowski', 'Eaque expedita sed libero maxime tempora corrupti qui. Sed at odio vero officia nisi ipsa placeat. Architecto omnis expedita id omnis ipsum. Quis tempora omnis non nemo. Aliquam quia maxime rem a.', 5, '2019-05-14 05:31:28', '2019-05-14 05:31:28'),
(242, 50, 'Ms. Liana Bailey DVM', 'Aspernatur nihil est rerum cum fuga earum non. Iste aliquid facere minus rerum. Veniam occaecati explicabo ut sapiente ut a ut.', 3, '2019-05-14 05:31:28', '2019-05-14 05:31:28'),
(243, 30, 'Wilfred Becker', 'Aut eos ex sit dolorem voluptatibus culpa. Nemo tenetur fuga voluptatum non quibusdam ad autem. Sint repellat minus voluptate eum nobis doloremque ut.', 1, '2019-05-14 05:31:28', '2019-05-14 05:31:28'),
(244, 31, 'Petra Hartmann', 'Architecto reiciendis repellat nihil minus delectus placeat qui dolore. Sint perspiciatis rem architecto reprehenderit ipsa inventore. Molestiae et esse fugiat eveniet eveniet.', 1, '2019-05-14 05:31:28', '2019-05-14 05:31:28'),
(245, 15, 'Salma Connelly', 'Distinctio consequatur ut atque consequatur quo et sed. Sit provident recusandae natus sequi nihil. Voluptatem in optio qui.', 4, '2019-05-14 05:31:28', '2019-05-14 05:31:28'),
(246, 45, 'Marguerite Johns IV', 'Corrupti veniam repudiandae ullam facilis et. Sed in alias et laudantium aliquid nesciunt. Id nobis tenetur ad minima laudantium soluta. Ut distinctio ratione accusantium omnis. Quo accusamus voluptatem saepe fuga qui quo et.', 3, '2019-05-14 05:31:28', '2019-05-14 05:31:28'),
(247, 35, 'Effie Volkman Sr.', 'Aut quis qui vitae at fugit ex et accusantium. Itaque voluptatem ipsum eum veniam et labore et. Aut alias reiciendis officia vitae blanditiis est.', 4, '2019-05-14 05:31:28', '2019-05-14 05:31:28'),
(248, 6, 'Arno Padberg', 'Sequi nisi totam aut est eius. Et natus quasi tenetur tempora expedita id. Veniam blanditiis assumenda dignissimos nostrum.', 0, '2019-05-14 05:31:29', '2019-05-14 05:31:29'),
(249, 50, 'Nat Hermann', 'Maiores dolorem repellendus omnis illum et ducimus aut. Sed et et reprehenderit ad qui omnis sapiente suscipit. Est id itaque quibusdam.', 3, '2019-05-14 05:31:29', '2019-05-14 05:31:29'),
(250, 23, 'Zachary Johns DDS', 'Et vitae saepe ea nihil molestias earum et libero. Itaque iusto voluptatem consectetur nemo. Tenetur non consequatur totam qui qui beatae iure. Libero sed totam deserunt et.', 0, '2019-05-14 05:31:29', '2019-05-14 05:31:29'),
(251, 18, 'Claudia Wisozk', 'Nisi excepturi eos commodi aut iste quia modi. Inventore accusamus ex vel ut nisi. Rerum quaerat provident quasi sed.', 1, '2019-05-14 05:31:29', '2019-05-14 05:31:29'),
(252, 29, 'Kiera Olson DVM', 'Voluptatem et beatae quod consequatur et alias. Quae ex ea suscipit asperiores autem consequatur. Incidunt explicabo ipsa maxime debitis ipsum temporibus vel. Ipsum et architecto consequatur quam.', 3, '2019-05-14 05:31:29', '2019-05-14 05:31:29'),
(253, 46, 'Cayla Gorczany', 'Voluptatem enim quae ipsum distinctio. Nisi voluptas ipsa quidem nisi atque. Doloribus nulla corrupti dolorem et. Est quia mollitia dolore et asperiores magni.', 1, '2019-05-14 05:31:29', '2019-05-14 05:31:29'),
(254, 5, 'Ignatius Miller', 'Qui est distinctio et ullam alias. Quis qui tempora veritatis. Sit quos voluptatem modi dolorem eum.', 5, '2019-05-14 05:31:29', '2019-05-14 05:31:29'),
(255, 15, 'Felipa White DDS', 'Minima sunt harum voluptatum harum vero. Voluptates est consequuntur tempora. Odit dolor cum minus quas eligendi. Et repellat error et accusamus.', 1, '2019-05-14 05:31:29', '2019-05-14 05:31:29'),
(256, 48, 'Deja Morar', 'Eligendi rerum voluptatibus perspiciatis ducimus est. Rerum voluptas deserunt maiores et est. Et quibusdam sapiente aut dolores eligendi reprehenderit enim.', 1, '2019-05-14 05:31:29', '2019-05-14 05:31:29'),
(257, 17, 'Janie Bartoletti', 'Facilis eaque facere et. Possimus commodi doloribus est quas laudantium est non corrupti. Sit quam fugiat et expedita. Sed rem aut et enim sint.', 2, '2019-05-14 05:31:29', '2019-05-14 05:31:29'),
(258, 38, 'Nathanael Murphy', 'Eum impedit consequuntur laboriosam. Eos eum sed error vel aliquam. Est ut dolor explicabo.', 3, '2019-05-14 05:31:29', '2019-05-14 05:31:29'),
(259, 19, 'Katrine Abshire PhD', 'Quos corporis sint beatae voluptatibus. Recusandae veniam alias beatae ipsum. Exercitationem autem laboriosam quaerat sit earum. At est vel perspiciatis.', 3, '2019-05-14 05:31:29', '2019-05-14 05:31:29'),
(260, 7, 'Ronaldo Lesch', 'Deleniti cupiditate error rerum blanditiis aperiam qui. Accusantium aut reiciendis non autem asperiores. Maiores qui saepe aut omnis minima voluptatem. Est deserunt nihil nemo qui quia.', 0, '2019-05-14 05:31:29', '2019-05-14 05:31:29'),
(261, 45, 'Carlotta Turner MD', 'Provident ullam aspernatur a voluptatem alias nulla consectetur. Corrupti ratione culpa dicta occaecati deserunt vero doloribus quis. Odio fugiat sit voluptatem omnis error culpa.', 2, '2019-05-14 05:31:29', '2019-05-14 05:31:29'),
(262, 36, 'Matteo Schultz', 'Necessitatibus sint explicabo qui ad. Ut dignissimos sequi cumque. Corporis facilis qui occaecati.', 2, '2019-05-14 05:31:29', '2019-05-14 05:31:29'),
(263, 32, 'Santina Rath DDS', 'Id cupiditate eveniet minus. Quisquam laudantium tenetur itaque aut. Incidunt officiis quibusdam velit praesentium qui commodi natus. Aut qui animi consequatur non qui.', 5, '2019-05-14 05:31:29', '2019-05-14 05:31:29'),
(264, 24, 'Carolanne Kassulke', 'Eos eligendi in tempora dolores. Quia est voluptates dolorem quia magni. Nulla explicabo ut est illum placeat vel et.', 0, '2019-05-14 05:31:29', '2019-05-14 05:31:29'),
(265, 13, 'Lonie Labadie', 'Voluptatem voluptatum et perspiciatis dicta temporibus qui. Nihil ea dolorem dicta. Voluptatum nobis cumque rerum autem perferendis eos. Inventore dolorem sed sit rerum pariatur deserunt voluptatem.', 0, '2019-05-14 05:31:29', '2019-05-14 05:31:29'),
(266, 1, 'Dejuan Kilback III', 'Praesentium porro aut accusantium sit eos eos ipsum maxime. Nihil voluptatem dolore dolorem soluta facilis. Consectetur deserunt omnis vel quaerat optio.', 0, '2019-05-14 05:31:29', '2019-05-14 05:31:29'),
(267, 15, 'Breana Hills', 'Nemo dolor aspernatur quos at. Dolorem asperiores tempora sed omnis quis omnis. Quo consequatur odit totam quibusdam suscipit. Asperiores veniam ut optio placeat quae.', 1, '2019-05-14 05:31:29', '2019-05-14 05:31:29'),
(268, 19, 'Mrs. Tatyana Mayert', 'Explicabo ab modi est. Culpa omnis recusandae magnam nisi vitae eius. Optio temporibus veritatis asperiores consequatur nam voluptatem dolores.', 2, '2019-05-14 05:31:29', '2019-05-14 05:31:29'),
(269, 14, 'Prof. Dayne Braun', 'Et non voluptas autem repellendus delectus hic architecto et. Veritatis provident vero sit accusamus ducimus.', 3, '2019-05-14 05:31:29', '2019-05-14 05:31:29'),
(270, 40, 'Polly Pagac', 'Quos in tenetur magnam velit voluptatem dignissimos dolorum. Sit ut ut facere sunt blanditiis qui. Eum soluta dolores eos omnis.', 4, '2019-05-14 05:31:29', '2019-05-14 05:31:29'),
(271, 31, 'Prof. Blaise Feeney MD', 'Voluptatum autem nobis ut velit omnis impedit sint. Sint eius aut et fuga nam quidem corporis qui. Dignissimos animi nemo aliquid dolor et odio magnam eos. Perspiciatis provident et qui voluptas est expedita. Temporibus illo dolores ab qui impedit eveniet commodi.', 0, '2019-05-14 05:31:29', '2019-05-14 05:31:29'),
(272, 46, 'June Lindgren', 'Magni iusto voluptatum quia ab commodi dolorem qui. Quod quibusdam magnam voluptate modi. Dolor animi perferendis beatae et fuga veniam. Nisi et nulla ab tempora provident ut natus.', 1, '2019-05-14 05:31:29', '2019-05-14 05:31:29'),
(273, 47, 'Khalid Heaney', 'Accusamus ducimus et quia corrupti sit. Soluta aut atque error sed vel.', 2, '2019-05-14 05:31:29', '2019-05-14 05:31:29'),
(274, 13, 'Dr. Eula Larkin', 'Doloremque et sed accusamus fugit ea et sunt. Cupiditate consectetur numquam molestias ducimus numquam praesentium tempore. Quis cum corrupti occaecati ut. Distinctio odio debitis rerum illo doloremque saepe optio aut. Nihil qui cumque minima aperiam velit.', 2, '2019-05-14 05:31:29', '2019-05-14 05:31:29'),
(275, 35, 'Jaquan Herman', 'Asperiores qui qui aut. Consequatur rerum facere soluta vel velit sed. Voluptates possimus suscipit sint rerum voluptatem. Expedita quisquam sed nisi quae blanditiis aspernatur distinctio. Unde nesciunt expedita rerum soluta consequatur voluptatem.', 1, '2019-05-14 05:31:29', '2019-05-14 05:31:29'),
(276, 5, 'Vivienne Zulauf PhD', 'Tempore magni fugiat sed voluptas quia reiciendis. Quis voluptatem delectus est. Eaque dolorum delectus nam odit officia exercitationem libero. Non ut temporibus temporibus et.', 2, '2019-05-14 05:31:29', '2019-05-14 05:31:29'),
(277, 9, 'Kaley Mitchell', 'Porro quia amet blanditiis dicta sed ut. Delectus asperiores reprehenderit ut eum molestiae. Quia aut magni similique beatae et aut fugiat.', 4, '2019-05-14 05:31:29', '2019-05-14 05:31:29'),
(278, 42, 'Osbaldo Torphy', 'Voluptate quia officia porro ut natus exercitationem. Hic autem vitae eum rerum eaque rerum perferendis. Molestiae nulla aliquid consequatur distinctio. Placeat harum nam non odio maxime vel maiores quia.', 2, '2019-05-14 05:31:29', '2019-05-14 05:31:29'),
(279, 25, 'Juanita Klocko', 'Sunt a rerum est vitae aut quisquam. Unde sunt veniam et iusto. Et iure aut magnam explicabo iste repellat.', 5, '2019-05-14 05:31:29', '2019-05-14 05:31:29'),
(280, 19, 'Dr. Sterling Lowe Sr.', 'Maiores rerum magni sunt. Voluptatem incidunt quo eos dolor nihil. Et nam consectetur pariatur sed sed et.', 4, '2019-05-14 05:31:29', '2019-05-14 05:31:29'),
(281, 49, 'Jasmin Brakus', 'Eum molestiae nobis et adipisci. Sequi quos repudiandae ut voluptas delectus. Rem hic cupiditate et accusantium qui. Esse aut sunt consequatur veniam numquam.', 0, '2019-05-14 05:31:29', '2019-05-14 05:31:29'),
(282, 8, 'Amara Nicolas PhD', 'Delectus est aut ullam dolores et aliquid incidunt. Id eius nihil itaque. Voluptatem iste voluptas enim minima. Sed excepturi aut facilis qui odio.', 2, '2019-05-14 05:31:29', '2019-05-14 05:31:29'),
(283, 24, 'Mr. Ryleigh Stoltenberg', 'Iure dolor nihil tempora magnam quo. Autem possimus ut maxime modi dolores. Aperiam voluptatem fuga possimus. Dolore porro eos sint.', 3, '2019-05-14 05:31:29', '2019-05-14 05:31:29'),
(284, 49, 'Alta Waelchi', 'Nam assumenda nihil et quasi id exercitationem placeat aut. Eius a id harum qui. Quidem ipsum officiis quam incidunt.', 0, '2019-05-14 05:31:29', '2019-05-14 05:31:29'),
(285, 32, 'Gideon Reilly', 'Et laborum aspernatur consectetur aliquid deleniti voluptatem aut. Aut dolores animi perferendis dolorem nulla libero aut enim. Magni sint praesentium consequuntur possimus quos nisi laboriosam.', 3, '2019-05-14 05:31:29', '2019-05-14 05:31:29'),
(286, 19, 'Mr. Trevion Beahan', 'Ut quia quia non nostrum dolorem vel occaecati. Molestiae doloribus pariatur sed ut quod ea dolor. Cupiditate et ipsam quo. Dolorem inventore eius blanditiis in.', 4, '2019-05-14 05:31:29', '2019-05-14 05:31:29'),
(287, 23, 'Eden Dooley', 'Ratione saepe sit et optio maiores omnis. Fugiat consectetur harum aut ullam laudantium nisi dolores. Consequatur praesentium voluptatem placeat.', 4, '2019-05-14 05:31:29', '2019-05-14 05:31:29'),
(288, 30, 'Albin Cronin MD', 'Veritatis ut debitis ea est. Voluptatem sint vitae quia sed quam fuga sint. Et error est rerum nostrum voluptas minus. Ullam ipsam sit sint et.', 2, '2019-05-14 05:31:29', '2019-05-14 05:31:29'),
(289, 21, 'Prof. Vernon Orn', 'Voluptatem vero distinctio eum ut. Similique a dicta quaerat dolorem similique nisi. Ad voluptas fugit ut rerum officia et. Id earum at debitis. Provident ea corrupti praesentium alias ipsam.', 4, '2019-05-14 05:31:29', '2019-05-14 05:31:29'),
(290, 41, 'Luigi Williamson I', 'Et odio voluptatem soluta laboriosam. Quibusdam atque et qui sint sequi voluptatem consequuntur dolores. Praesentium aperiam reiciendis sit debitis distinctio unde. Hic voluptates repellat nostrum quasi omnis consectetur voluptates.', 5, '2019-05-14 05:31:29', '2019-05-14 05:31:29'),
(291, 16, 'Anika Emmerich', 'Maiores voluptate voluptatem hic. Ut sit exercitationem quia sint est et autem. Sed cumque laudantium asperiores vel magni. Et voluptas sint suscipit repellat ipsum harum quae.', 0, '2019-05-14 05:31:29', '2019-05-14 05:31:29'),
(292, 29, 'Ms. Marlene Strosin', 'Architecto velit sint maxime autem reprehenderit beatae. Aut eum nam quia voluptatum nobis ut voluptate. Consectetur totam eos facere eos soluta.', 0, '2019-05-14 05:31:29', '2019-05-14 05:31:29'),
(293, 10, 'Dr. Travon Will', 'Exercitationem odio vero explicabo nulla temporibus in. Similique rem minus ducimus officia nisi. Non quis quis sint fugit. A hic amet sit ipsa enim.', 1, '2019-05-14 05:31:29', '2019-05-14 05:31:29'),
(294, 31, 'Karli Bartoletti', 'Magnam qui sint inventore labore. Repellendus sunt inventore animi quasi eum dolores velit tempora. Quam sequi voluptatem deleniti quas consequatur. Velit explicabo nesciunt voluptatem ea.', 4, '2019-05-14 05:31:29', '2019-05-14 05:31:29'),
(295, 10, 'Dr. Donnell Hagenes III', 'Deleniti dicta eaque error quaerat ab occaecati. Ea quos mollitia suscipit veritatis voluptatem autem consequatur. Velit doloribus voluptatem reprehenderit in tempore et quisquam. Qui odio recusandae accusantium qui voluptatem. Similique aspernatur repudiandae ad sit pariatur quibusdam doloremque.', 1, '2019-05-14 05:31:29', '2019-05-14 05:31:29'),
(296, 28, 'Buck Feil', 'Itaque et assumenda commodi maxime doloremque perferendis. Provident autem consequatur cumque voluptas a similique. Ea voluptas officiis officia in. Fugiat ipsam dignissimos numquam et et sunt nihil.', 2, '2019-05-14 05:31:29', '2019-05-14 05:31:29'),
(297, 14, 'Horace Lemke', 'Esse dolore velit sunt maiores aliquam. Est repudiandae explicabo consequatur sint. Deserunt blanditiis est aut ut sed atque sunt suscipit.', 0, '2019-05-14 05:31:29', '2019-05-14 05:31:29'),
(298, 24, 'Ali Heathcote PhD', 'Voluptatem asperiores aut doloribus omnis natus. Dolorem qui tenetur minima voluptatibus reiciendis. Ut ad animi excepturi quo alias ipsum.', 4, '2019-05-14 05:31:29', '2019-05-14 05:31:29'),
(299, 9, 'Aliya Bradtke', 'Rerum asperiores voluptate ea architecto velit explicabo blanditiis cupiditate. Voluptatum eius qui at vitae voluptatibus. Quia tenetur et ut assumenda rerum quo.', 1, '2019-05-14 05:31:30', '2019-05-14 05:31:30'),
(300, 40, 'Valentina Runolfsdottir', 'Et molestiae quia quae voluptatibus. Illo ipsum placeat repellendus quaerat porro. Aperiam ut non ex.', 1, '2019-05-14 05:31:30', '2019-05-14 05:31:30');

-- --------------------------------------------------------

--
-- Table structure for table `users`
--

CREATE TABLE `users` (
  `id` bigint(20) UNSIGNED NOT NULL,
  `name` varchar(255) COLLATE utf8mb4_unicode_ci NOT NULL,
  `email` varchar(191) COLLATE utf8mb4_unicode_ci NOT NULL,
  `email_verified_at` timestamp NULL DEFAULT NULL,
  `password` varchar(255) COLLATE utf8mb4_unicode_ci NOT NULL,
  `remember_token` varchar(100) COLLATE utf8mb4_unicode_ci DEFAULT NULL,
  `created_at` timestamp NULL DEFAULT NULL,
  `updated_at` timestamp NULL DEFAULT NULL
) ENGINE=InnoDB DEFAULT CHARSET=utf8mb4 COLLATE=utf8mb4_unicode_ci;

--
-- Indexes for dumped tables
--

--
-- Indexes for table `migrations`
--
ALTER TABLE `migrations`
  ADD PRIMARY KEY (`id`);

--
-- Indexes for table `password_resets`
--
ALTER TABLE `password_resets`
  ADD KEY `password_resets_email_index` (`email`);

--
-- Indexes for table `products`
--
ALTER TABLE `products`
  ADD PRIMARY KEY (`id`);

--
-- Indexes for table `reviews`
--
ALTER TABLE `reviews`
  ADD PRIMARY KEY (`id`),
  ADD KEY `reviews_product_id_index` (`product_id`);

--
-- Indexes for table `users`
--
ALTER TABLE `users`
  ADD PRIMARY KEY (`id`),
  ADD UNIQUE KEY `users_email_unique` (`email`);

--
-- AUTO_INCREMENT for dumped tables
--

--
-- AUTO_INCREMENT for table `migrations`
--
ALTER TABLE `migrations`
  MODIFY `id` int(10) UNSIGNED NOT NULL AUTO_INCREMENT, AUTO_INCREMENT=5;

--
-- AUTO_INCREMENT for table `products`
--
ALTER TABLE `products`
  MODIFY `id` bigint(20) UNSIGNED NOT NULL AUTO_INCREMENT, AUTO_INCREMENT=51;

--
-- AUTO_INCREMENT for table `reviews`
--
ALTER TABLE `reviews`
  MODIFY `id` bigint(20) UNSIGNED NOT NULL AUTO_INCREMENT, AUTO_INCREMENT=301;

--
-- AUTO_INCREMENT for table `users`
--
ALTER TABLE `users`
  MODIFY `id` bigint(20) UNSIGNED NOT NULL AUTO_INCREMENT;

--
-- Constraints for dumped tables
--

--
-- Constraints for table `reviews`
--
ALTER TABLE `reviews`
  ADD CONSTRAINT `reviews_product_id_foreign` FOREIGN KEY (`product_id`) REFERENCES `products` (`id`) ON DELETE CASCADE;
COMMIT;

/*!40101 SET CHARACTER_SET_CLIENT=@OLD_CHARACTER_SET_CLIENT */;
/*!40101 SET CHARACTER_SET_RESULTS=@OLD_CHARACTER_SET_RESULTS */;
/*!40101 SET COLLATION_CONNECTION=@OLD_COLLATION_CONNECTION */;
